"","authorID","groupID","author_name","author_order","address","university","department","postal_code","city","state","country","RP_address","RI","OI","UT","refID","PT","PY","PU","year"
"1",1,1,"DEKROON, H",2,"Could not be extracted",NA,NA,NA,NA,NA,NA,NA,NA,NA,"WOS:A1994PW55400021",1,"J","1994","WILEY",1994
"2",2,2,"KALISZ, S",3,"Could not be extracted",NA,NA,NA,NA,NA,NA,NA,NA,NA,"WOS:A1994PW55400021",1,"J","1994","WILEY",1994
"3",3,3,"TULJAPURKAR, S",4,"Could not be extracted",NA,NA,NA,NA,NA,NA,NA,NA,NA,"WOS:A1994PW55400021",1,"J","1994","WILEY",1994
"4",4,4,"VANGROENENDAEL, J",1,"UNIV UTRECHT, DEPT PLANT ECOL & EVOLUT BIOL, 3508 TB UTRECHT, NETHERLANDS.","univ utrecht",NA,NA,"dept plant ecol & evolut biol"," tb utrecht","netherlands",NA,NA,NA,"WOS:A1994PW55400021",1,"J","1994","WILEY",1994
"5",5,5,"HINES, JE",2,"Could not be extracted",NA,NA,NA,NA,NA,NA,NA,NA,NA,"WOS:A1994PK12900020",2,"J","1994","ECOLOGICAL SOC AMER",1994
"6",6,6,"HINZ, RL",4,"Could not be extracted",NA,NA,NA,NA,NA,NA,NA,NA,NA,"WOS:A1994PK12900020",2,"J","1994","ECOLOGICAL SOC AMER",1994
"7",7,420,"LINK, WA",5,"Could not be extracted",NA,NA,NA,NA,NA,NA,NA,NA,NA,"WOS:A1994PK12900020",2,"J","1994","ECOLOGICAL SOC AMER",1994
"8",8,8,"NICHOLS, JD",1,"N CAROLINA STATE UNIV, INST STAT, RALEIGH, NC 27695 USA.","n carolina state univ","inst stat","27695","raleigh","nc","usa",NA,NA,NA,"WOS:A1994PK12900020",2,"J","1994","ECOLOGICAL SOC AMER",1994
"9",9,9,"POLLOCK, KH",3,"Could not be extracted",NA,NA,NA,NA,NA,NA,NA,NA,NA,"WOS:A1994PK12900020",2,"J","1994","ECOLOGICAL SOC AMER",1994
"10",10,10,"WELLBORN, GA",1,"UNIV MICHIGAN, DEPT BIOL, ANN ARBOR, MI 48109 USA.","univ michigan","dept biol","48109","ann arbor","mi","usa",NA,NA,NA,"WOS:A1994PK12900024",3,"J","1994","WILEY",1994
"11",11,11,"ADOLPH, SC",2,"Could not be extracted",NA,NA,NA,NA,NA,NA,NA,NA,NA,"WOS:A1994NE02900018",4,"J","1994","ECOLOGICAL SOC AMER",1994
"12",12,12,"SINERVO, B",1,"UNIV WASHINGTON,DEPT ZOOL,SEATTLE,WA 98195.","univ washington",NA,"98195","wa",NA,"usa",NA,NA,NA,"WOS:A1994NE02900018",4,"J","1994","ECOLOGICAL SOC AMER",1994
"13",13,13,"BORTOLOTTI, GR",2,"Could not be extracted",NA,NA,NA,NA,NA,NA,NA,NA,NA,"WOS:A1994NE02900021",5,"J","1994","WILEY",1994
"14",14,14,"WIEBE, KL",1,"UNIV SASKATCHEWAN, DEPT BIOL, SASKATOON S7N 0W0, SASKATCHEWAN, CANADA.","univ saskatchewan","dept biol"," s7n 0w0","saskatoon","saskatchewan","canada",NA,NA,NA,"WOS:A1994NE02900021",5,"J","1994","WILEY",1994
"15",15,15,"ARNOLD, EH",3,"Could not be extracted",NA,NA,NA,NA,NA,NA,NA,NA,NA,"WOS:A1994MZ45400011",6,"J","1994","ECOLOGICAL SOC AMER",1994
"16",16,16,"EBERTMAY, D",4,"Could not be extracted",NA,NA,NA,NA,NA,NA,NA,NA,NA,"WOS:A1994MZ45400011",6,"J","1994","ECOLOGICAL SOC AMER",1994
"17",17,17,"WALKER, MD",1,"UNIV COLORADO,DEPT ENVIRONM POPULAT & ORGANISM BIOL,BOULDER,CO 80309.","univ colorado",NA,"80309","co",NA,"usa",NA,NA,NA,"WOS:A1994MZ45400011",6,"J","1994","ECOLOGICAL SOC AMER",1994
"18",18,18,"WEBBER, PJ",2,"Could not be extracted",NA,NA,NA,NA,NA,NA,NA,NA,NA,"WOS:A1994MZ45400011",6,"J","1994","ECOLOGICAL SOC AMER",1994
"19",19,19,"BROWN, JS",1,"BEN GURION UNIV NEGEV, JACOB BLAUSTEIN INST DESERT RES, MITRANI CTR DESERT ECOL, IL-84993 SEDE BOQER, ISRAEL.","ben gurion univ negev","jacob blaustein inst desert res","84993"," sede boqer",NA,"israel",NA,NA,NA,"WOS:A1994PW55400011",7,"J","1994","WILEY",1994
"20",20,20,"KOTLER, BP",2,"Could not be extracted",NA,NA,NA,NA,NA,NA,NA,NA,NA,"WOS:A1994PW55400011",7,"J","1994","WILEY",1994
"21",21,21,"MITCHELL, WA",3,"Could not be extracted",NA,NA,NA,NA,NA,NA,NA,NA,NA,"WOS:A1994PW55400011",7,"J","1994","WILEY",1994
"22",22,22,"DUFFY, JE",1,"UNIV N CAROLINA,INST MARINE SCI,MOREHEAD CITY,NC 28557.","univ n carolina",NA,"28557","nc",NA,"usa",NA,NA,NA,"WOS:A1994NV66200011",8,"J","1994","ECOLOGICAL SOC AMER",1994
"23",23,340,"HAY, ME",2,"Could not be extracted",NA,NA,NA,NA,NA,NA,NA,NA,NA,"WOS:A1994NV66200011",8,"J","1994","ECOLOGICAL SOC AMER",1994
"24",24,24,"LEIPS, J",1,"Could not be extracted",NA,NA,NA,NA,NA,NA,NA,NA,NA,"WOS:A1994NV66200014",9,"J","1994","WILEY",1994
"25",25,25,"TRAVIS, J",2,"Could not be extracted",NA,NA,NA,NA,NA,NA,NA,NA,NA,"WOS:A1994NV66200014",9,"J","1994","WILEY",1994
"26",26,26,"MARCONATO, A",2,"Could not be extracted",NA,NA,NA,NA,NA,NA,NA,NA,NA,"WOS:A1994NV66200013",10,"J","1994","ECOLOGICAL SOC AMER",1994
"27",27,27,"SHAPIRO, DY",1,"UNIV PUERTO RICO,DEPT MARINE SCI,MAYAGUEZ,PR 00681.","univ puerto rico",NA,"00681","pr",NA,"usa",NA,NA,NA,"WOS:A1994NV66200013",10,"J","1994","ECOLOGICAL SOC AMER",1994
"28",28,28,"YOSHIKAWA, T",3,"Could not be extracted",NA,NA,NA,NA,NA,NA,NA,NA,NA,"WOS:A1994NV66200013",10,"J","1994","ECOLOGICAL SOC AMER",1994
"29",29,29,"SIH, A",1,"Could not be extracted",NA,NA,NA,NA,NA,NA,NA,NA,NA,"WOS:A1994NV66200001",11,"J","1994","ECOLOGICAL SOC AMER",1994
"30",30,30,"WOOSTER, DE",2,"Could not be extracted",NA,NA,NA,NA,NA,NA,NA,NA,NA,"WOS:A1994NV66200001",11,"J","1994","ECOLOGICAL SOC AMER",1994
"31",31,31,"SPENCER, WE",1,"UNIV MICHIGAN,DEPT BIOL,ANN ARBOR,MI 48109.","univ michigan",NA,"48109","mi",NA,"usa",NA,NA,NA,"WOS:A1994MZ45400004",12,"J","1994","ECOLOGICAL SOC AMER",1994
"32",32,32,"TEERI, J",2,"Could not be extracted",NA,NA,NA,NA,NA,NA,NA,NA,NA,"WOS:A1994MZ45400004",12,"J","1994","ECOLOGICAL SOC AMER",1994
"33",33,33,"WETZEL, RG",3,"Could not be extracted",NA,NA,NA,NA,NA,NA,NA,NA,NA,"WOS:A1994MZ45400004",12,"J","1994","ECOLOGICAL SOC AMER",1994
"34",34,34,"MCCARTNEY, MA",2,"Could not be extracted",NA,NA,NA,NA,NA,NA,NA,NA,NA,"WOS:A1994PW55400001",13,"J","1994","ECOLOGICAL SOC AMER",1994
"35",35,35,"YUND, PO",1,"SUNY STONY BROOK,DEPT ECOL & EVOLUT,STONY BROOK,NY 11794.","suny stony brook",NA,"11794","ny",NA,"usa",NA,NA,NA,"WOS:A1994PW55400001",13,"J","1994","ECOLOGICAL SOC AMER",1994
"36",36,36,"MACK, RN",2,"Could not be extracted",NA,NA,NA,NA,NA,NA,NA,NA,NA,"WOS:A1994PE26700014",14,"J","1994","WILEY",1994
"37",37,37,"SCHIERENBECK, KA",1,"WASHINGTON STATE UNIV, DEPT BOT, PULLMAN, WA 99163 USA.","washington state univ","dept bot","99163","pullman","wa","usa",NA,NA,NA,"WOS:A1994PE26700014",14,"J","1994","WILEY",1994
"38",38,38,"SHARITZ, RR",3,"Could not be extracted",NA,NA,NA,NA,NA,NA,NA,NA,NA,"WOS:A1994PE26700014",14,"J","1994","WILEY",1994
"39",39,39,"GAINES, MS",2,"Could not be extracted",NA,NA,NA,NA,NA,NA,NA,NA,NA,"WOS:A1994PE26700005",15,"J","1994","ECOLOGICAL SOC AMER",1994
"40",40,40,"SERA, WE",1,"UNIV KANSAS,DEPT SYSTEMAT & ECOL,LAWRENCE,KS 66045.","univ kansas",NA,"66045","ks",NA,"usa",NA,NA,NA,"WOS:A1994PE26700005",15,"J","1994","ECOLOGICAL SOC AMER",1994
"41",41,41,"BELSKY, AJ",1,"CORNELL UNIV, CORNELL PLANTAT, ITHACA, NY 14853 USA.","cornell univ","cornell plantat","14853","ithaca","ny","usa",NA,NA,NA,"WOS:A1994NP10300005",16,"J","1994","WILEY",1994
"42",42,42,"HERTEL, F",1,"Could not be extracted",NA,NA,NA,NA,NA,NA,NA,NA,NA,"WOS:A1994NP10300020",17,"J","1994","ECOLOGICAL SOC AMER",1994
"43",43,43,"PAUL, VJ",2,"Could not be extracted",NA,NA,NA,NA,NA,NA,NA,NA,NA,"WOS:A1994NP10300029",18,"J","1994","ECOLOGICAL SOC AMER",1994
"44",44,44,"SCHUPP, PJ",1,"UNIV GUAM, MARINE LAB, UOG STN, MANGILAO, GU 96923 USA.","univ guam","uog stn","96923","mangilao","gu","usa",NA,NA,NA,"WOS:A1994NP10300029",18,"J","1994","ECOLOGICAL SOC AMER",1994
"45",45,45,"BESHERS, SN",1,"Could not be extracted",NA,NA,NA,NA,NA,NA,NA,NA,NA,"WOS:A1994NE02900017",19,"J","1994","WILEY",1994
"46",46,46,"TRANIELLO, JFA",2,"Could not be extracted",NA,NA,NA,NA,NA,NA,NA,NA,NA,"WOS:A1994NE02900017",19,"J","1994","WILEY",1994
"47",47,47,"ANGEL, J",4,"Could not be extracted",NA,NA,NA,NA,NA,NA,NA,NA,NA,"WOS:A1994PK12900014",20,"J","1994","ECOLOGICAL SOC AMER",1994
"48",48,48,"BERNAYS, EA",1,"UNIV ARIZONA,CTR INSECT SCI,TUCSON,AZ 85721.","univ arizona",NA,"85721","az",NA,"usa",NA,NA,NA,"WOS:A1994PK12900014",20,"J","1994","ECOLOGICAL SOC AMER",1994
"49",49,49,"BRIGHT, KL",2,"Could not be extracted",NA,NA,NA,NA,NA,NA,NA,NA,NA,"WOS:A1994PK12900014",20,"J","1994","ECOLOGICAL SOC AMER",1994
"50",50,50,"GONZALEZ, N",3,"Could not be extracted",NA,NA,NA,NA,NA,NA,NA,NA,NA,"WOS:A1994PK12900014",20,"J","1994","ECOLOGICAL SOC AMER",1994
"51",51,51,"DIRZO, R",2,"Could not be extracted",NA,NA,NA,NA,NA,NA,NA,NA,NA,"WOS:A1994PK12900004",21,"J","1994","ECOLOGICAL SOC AMER",1994
"52",52,52,"DOMINGUEZ, CA",1,"Could not be extracted",NA,NA,NA,NA,NA,NA,NA,NA,NA,"WOS:A1994PK12900004",21,"J","1994","ECOLOGICAL SOC AMER",1994
"53",53,53,"ALLEN, HL",4,"Could not be extracted",NA,NA,NA,NA,NA,NA,NA,NA,NA,"WOS:A1994NV66200024",22,"J","1994","ECOLOGICAL SOC AMER",1994
"54",54,54,"APRIL, R",5,"Could not be extracted",NA,NA,NA,NA,NA,NA,NA,NA,NA,"WOS:A1994NV66200024",22,"J","1994","ECOLOGICAL SOC AMER",1994
"55",55,55,"HEINE, PR",6,"Could not be extracted",NA,NA,NA,NA,NA,NA,NA,NA,NA,"WOS:A1994NV66200024",22,"J","1994","ECOLOGICAL SOC AMER",1994
"56",56,56,"MARKEWITZ, D",2,"Could not be extracted",NA,NA,NA,NA,NA,NA,NA,NA,NA,"WOS:A1994NV66200024",22,"J","1994","ECOLOGICAL SOC AMER",1994
"57",57,57,"RICHTER, DD",1,"US FOREST SERV,FORESTRY SCI LAB,RES TRIANGLE PK,NC 27709.","us forest serv",NA,"27709","nc",NA,"usa",NA,NA,NA,"WOS:A1994NV66200024",22,"J","1994","ECOLOGICAL SOC AMER",1994
"58",58,58,"URREGO, B",7,"Could not be extracted",NA,NA,NA,NA,NA,NA,NA,NA,NA,"WOS:A1994NV66200024",22,"J","1994","ECOLOGICAL SOC AMER",1994
"59",59,59,"WELLS, CG",3,"Could not be extracted",NA,NA,NA,NA,NA,NA,NA,NA,NA,"WOS:A1994NV66200024",22,"J","1994","ECOLOGICAL SOC AMER",1994
"60",60,60,"BEATTIE, AJ",3,"Could not be extracted",NA,NA,NA,NA,NA,NA,NA,NA,NA,"WOS:A1994NP10300016",23,"J","1994","WILEY",1994
"61",61,61,"CUSHMAN, JH",1,"MACQUARIE UNIV, SCH BIOL SCI, SYDNEY, NSW 2109, AUSTRALIA.","macquarie univ","sch biol sci",NA,"sydney","nsw ","australia",NA,NA,NA,"WOS:A1994NP10300016",23,"J","1994","WILEY",1994
"62",62,62,"RASHBROOK, VK",2,"Could not be extracted",NA,NA,NA,NA,NA,NA,NA,NA,NA,"WOS:A1994NP10300016",23,"J","1994","WILEY",1994
"63",63,63,"DAVIS, SD",2,"Could not be extracted",NA,NA,NA,NA,NA,NA,NA,NA,NA,"WOS:A1994NE02900007",24,"J","1994","ECOLOGICAL SOC AMER",1994
"64",64,64,"KOLB, KJ",1,"PEPPERDINE UNIV,DIV NAT SCI,MALIBU,CA 90263.","pepperdine univ",NA,"90263","ca",NA,"usa",NA,NA,NA,"WOS:A1994NE02900007",24,"J","1994","ECOLOGICAL SOC AMER",1994
"65",65,81,"DENNO, RF",2,"Could not be extracted",NA,NA,NA,NA,NA,NA,NA,NA,NA,"WOS:A1994PW55400012",25,"J","1994","ECOLOGICAL SOC AMER",1994
"66",66,66,"HANKS, LM",1,"UNIV MARYLAND,DEPT ENTOMOL,COLLEGE PK,MD 20742.","univ maryland",NA,"20742","md",NA,"usa",NA,NA,NA,"WOS:A1994PW55400012",25,"J","1994","ECOLOGICAL SOC AMER",1994
"67",67,67,"BEVER, JD",1,"Could not be extracted",NA,NA,NA,NA,NA,NA,NA,NA,NA,"WOS:A1994PK12900011",26,"J","1994","WILEY",1994
"68",68,68,"MARGULES, CR",1,"CSIRO,DIV WILDLIFE & ECOL,MIDLAND,WA 6056,AUSTRALIA.","csiro","div wildlife & ecol",NA,"midland","wa ","australia",NA,NA,NA,"WOS:A1994PK12900018",27,"J","1994","ECOLOGICAL SOC AMER",1994
"69",69,69,"MILKOVITS, GA",2,"Could not be extracted",NA,NA,NA,NA,NA,NA,NA,NA,NA,"WOS:A1994PK12900018",27,"J","1994","ECOLOGICAL SOC AMER",1994
"70",70,70,"SMITH, GT",3,"Could not be extracted",NA,NA,NA,NA,NA,NA,NA,NA,NA,"WOS:A1994PK12900018",27,"J","1994","ECOLOGICAL SOC AMER",1994
"71",71,71,"KORPIMAKI, E",3,"Could not be extracted",NA,NA,NA,NA,NA,NA,NA,NA,NA,"WOS:A1994PE26700011",28,"J","1994","ECOLOGICAL SOC AMER",1994
"72",72,72,"NORRDAHL, K",2,"Could not be extracted",NA,NA,NA,NA,NA,NA,NA,NA,NA,"WOS:A1994PE26700011",28,"J","1994","ECOLOGICAL SOC AMER",1994
"73",73,73,"SUHONEN, J",1,"UNIV JYVASKYLA,DEPT BIOL,SF-40351 JYVASKYLA,FINLAND.","univ jyvaskyla","dept biol","40351"," jyvaskyla",NA,"finland",NA,NA,NA,"WOS:A1994PE26700011",28,"J","1994","ECOLOGICAL SOC AMER",1994
"74",74,178,"AERTS, R",1,"Could not be extracted",NA,NA,NA,NA,NA,NA,NA,NA,NA,"WOS:A1994NV66200026",29,"J","1994","WILEY",1994
"75",75,179,"DECALUWE, H",2,"Could not be extracted",NA,NA,NA,NA,NA,NA,NA,NA,NA,"WOS:A1994NV66200026",29,"J","1994","WILEY",1994
"76",76,76,"MILINSKI, M",1,"RUHR UNIV BOCHUM, FAK BIOL, ARBEITSGRP VERHALTENSFORSCH, D-44721 BOCHUM, GERMANY.","ruhr univ bochum","fak biol","44721"," bochum",NA,"germany",NA,NA,NA,"WOS:A1994NP10300027",30,"J","1994","WILEY",1994
"77",77,77,"DOAK, DF",1,"UNIV CALIF SANTA CRUZ,BIOL BOARD,SANTA CRUZ,CA 95064.","univ calif santa cruz",NA,"95064","ca",NA,"usa",NA,NA,NA,"WOS:A1994NE02900004",31,"J","1994","ECOLOGICAL SOC AMER",1994
"78",78,78,"MILLS, LS",2,"Could not be extracted",NA,NA,NA,NA,NA,NA,NA,NA,NA,"WOS:A1994NE02900004",31,"J","1994","ECOLOGICAL SOC AMER",1994
"79",79,79,"LOCKE, A",1,"UNIV TORONTO, ERINDALE COLL, DEPT ZOOL, MISSISSAUGA L5L 1C6, ON, CANADA.","univ toronto","erindale coll"," l5l 1c6","mississauga","on","canada",NA,NA,NA,"WOS:A1994MZ45400021",32,"J","1994","WILEY",1994
"80",80,80,"SPRULES, WG",2,"Could not be extracted",NA,NA,NA,NA,NA,NA,NA,NA,NA,"WOS:A1994MZ45400021",32,"J","1994","WILEY",1994
"81",81,81,"DENNO, RF",2,"Could not be extracted",NA,NA,NA,NA,NA,NA,NA,NA,NA,"WOS:A1994MP60200008",33,"J","1994","ECOLOGICAL SOC AMER",1994
"82",82,82,"DUSSOURD, DE",1,"UNIV MARYLAND,DEPT ENTOMOL,COLL PK,MD 20742.","univ maryland",NA,"20742","md",NA,"usa",NA,NA,NA,"WOS:A1994MP60200008",33,"J","1994","ECOLOGICAL SOC AMER",1994
"83",83,83,"DAWIDOWICZ, P",2,"Could not be extracted",NA,NA,NA,NA,NA,NA,NA,NA,NA,"WOS:A1994PW55400008",34,"J","1994","ECOLOGICAL SOC AMER",1994
"84",84,84,"LOOSE, CJ",1,"MAX PLANCK INST LIMNOL,DEPT PHYSIOL ECOL,D-24302 PLON,GERMANY.","max planck inst limnol","max planck inst limnol","24302"," plon",NA,"germany",NA,NA,NA,"WOS:A1994PW55400008",34,"J","1994","ECOLOGICAL SOC AMER",1994
"85",85,85,"HEARD, SB",1,"UNIV PENN,DEPT BIOL,PHILADELPHIA,PA 19104.","univ penn",NA,"19104","pa",NA,"usa",NA,NA,NA,"WOS:A1994PE26700013",35,"J","1994","ECOLOGICAL SOC AMER",1994
"86",86,86,"JANZEN, FJ",1,"UNIV CHICAGO,DEPT ECOL & EVOLUT,CHICAGO,IL 60637.","univ chicago",NA,"60637","il",NA,"usa",NA,NA,NA,"WOS:A1994PE26700008",36,"J","1994","ECOLOGICAL SOC AMER",1994
"87",87,87,"PACALA, SW",3,"Could not be extracted",NA,NA,NA,NA,NA,NA,NA,NA,NA,"WOS:A1994PE26700026",37,"J","1994","ECOLOGICAL SOC AMER",1994
"88",88,88,"RIBBENS, E",1,"Could not be extracted",NA,NA,NA,NA,NA,NA,NA,NA,NA,"WOS:A1994PE26700026",37,"J","1994","ECOLOGICAL SOC AMER",1994
"89",89,89,"SILANDER, JA",2,"Could not be extracted",NA,NA,NA,NA,NA,NA,NA,NA,NA,"WOS:A1994PE26700026",37,"J","1994","ECOLOGICAL SOC AMER",1994
"90",90,465,"WOOTTON, JT",1,"UNIV CALIF BERKELEY,DEPT INTEGRAT BIOL,BERKELEY,CA 94720.","univ calif berkeley",NA,"94720","ca",NA,"usa",NA,NA,NA,"WOS:A1994PE26700003",38,"J","1994","ECOLOGICAL SOC AMER",1994
"91",91,91,"ANDREN, H",2,"Could not be extracted",NA,NA,NA,NA,NA,NA,NA,NA,NA,"WOS:A1994NP10300017",39,"J","1994","ECOLOGICAL SOC AMER",1994
"92",92,92,"ANGELSTAM, P",3,"Could not be extracted",NA,NA,NA,NA,NA,NA,NA,NA,NA,"WOS:A1994NP10300017",39,"J","1994","ECOLOGICAL SOC AMER",1994
"93",93,93,"CEDERLUND, G",4,"Could not be extracted",NA,NA,NA,NA,NA,NA,NA,NA,NA,"WOS:A1994NP10300017",39,"J","1994","ECOLOGICAL SOC AMER",1994
"94",94,432,"HORNFELDT, B",5,"Could not be extracted",NA,NA,NA,NA,NA,NA,NA,NA,NA,"WOS:A1994NP10300017",39,"J","1994","ECOLOGICAL SOC AMER",1994
"95",95,95,"JADERBERG, L",6,"Could not be extracted",NA,NA,NA,NA,NA,NA,NA,NA,NA,"WOS:A1994NP10300017",39,"J","1994","ECOLOGICAL SOC AMER",1994
"96",96,96,"LEMNELL, PA",7,"Could not be extracted",NA,NA,NA,NA,NA,NA,NA,NA,NA,"WOS:A1994NP10300017",39,"J","1994","ECOLOGICAL SOC AMER",1994
"97",97,97,"LINDSTROM, ER",1,"Could not be extracted",NA,NA,NA,NA,NA,NA,NA,NA,NA,"WOS:A1994NP10300017",39,"J","1994","ECOLOGICAL SOC AMER",1994
"98",98,98,"MARTINSSON, B",8,"Could not be extracted",NA,NA,NA,NA,NA,NA,NA,NA,NA,"WOS:A1994NP10300017",39,"J","1994","ECOLOGICAL SOC AMER",1994
"99",99,99,"SKOLD, K",9,"Could not be extracted",NA,NA,NA,NA,NA,NA,NA,NA,NA,"WOS:A1994NP10300017",39,"J","1994","ECOLOGICAL SOC AMER",1994
"100",100,100,"SWENSON, JE",10,"Could not be extracted",NA,NA,NA,NA,NA,NA,NA,NA,NA,"WOS:A1994NP10300017",39,"J","1994","ECOLOGICAL SOC AMER",1994
"101",101,328,"SILVERTOWN, J",1,"UNIV OTAGO,DEPT BOT,DUNEDIN,NEW ZEALAND.","univ otago",NA,NA,"dept bot","dunedin","new zealand",NA,NA,NA,"WOS:A1994MZ45400012",40,"J","1994","ECOLOGICAL SOC AMER",1994
"102",102,102,"WILSON, JB",2,"Could not be extracted",NA,NA,NA,NA,NA,NA,NA,NA,NA,"WOS:A1994MZ45400012",40,"J","1994","ECOLOGICAL SOC AMER",1994
"103",103,103,"DIXON, P",1,"N CAROLINA STATE UNIV,DEPT STAT,BIOMATH PROGRAM,RALEIGH,NC 27695.","n carolina state univ",NA,"27695","nc",NA,"usa",NA,NA,NA,"WOS:A1994PK12900008",41,"J","1994","ECOLOGICAL SOC AMER",1994
"104",104,104,"MARSHALL, JD",1,"Could not be extracted",NA,NA,NA,NA,NA,NA,NA,NA,NA,"WOS:A1994PK12900003",42,"J","1994","WILEY",1994
"105",105,105,"ZHANG, JW",2,"Could not be extracted",NA,NA,NA,NA,NA,NA,NA,NA,NA,"WOS:A1994PK12900003",42,"J","1994","WILEY",1994
"106",106,106,"MCINTOSH, AR",1,"Could not be extracted",NA,NA,NA,NA,NA,NA,NA,NA,NA,"WOS:A1994PK12900022",43,"J","1994","WILEY",1994
"107",107,107,"TOWNSEND, CR",2,"Could not be extracted",NA,NA,NA,NA,NA,NA,NA,NA,NA,"WOS:A1994PK12900022",43,"J","1994","WILEY",1994
"108",108,108,"SMITH, SM",1,"Could not be extracted",NA,NA,NA,NA,NA,NA,NA,NA,NA,"WOS:A1994PK12900019",44,"J","1994","ECOLOGICAL SOC AMER",1994
"109",109,109,"EASTLACK, SE",4,"Could not be extracted",NA,NA,NA,NA,NA,NA,NA,NA,NA,"WOS:A1994PE26700021",45,"J","1994","ECOLOGICAL SOC AMER",1994
"110",110,110,"NICHOLS, KL",2,"Could not be extracted",NA,NA,NA,NA,NA,NA,NA,NA,NA,"WOS:A1994PE26700021",45,"J","1994","ECOLOGICAL SOC AMER",1994
"111",111,111,"SPERRY, JS",1,"Could not be extracted",NA,NA,NA,NA,NA,NA,NA,NA,NA,"WOS:A1994PE26700021",45,"J","1994","ECOLOGICAL SOC AMER",1994
"112",112,112,"SULLIVAN, JEM",3,"Could not be extracted",NA,NA,NA,NA,NA,NA,NA,NA,NA,"WOS:A1994PE26700021",45,"J","1994","ECOLOGICAL SOC AMER",1994
"113",113,113,"MATLACK, GR",1,"Could not be extracted",NA,NA,NA,NA,NA,NA,NA,NA,NA,"WOS:A1994NV66200027",46,"J","1994","ECOLOGICAL SOC AMER",1994
"114",114,114,"KUHLMANN, ML",6,"Could not be extracted",NA,NA,NA,NA,NA,NA,NA,NA,NA,"WOS:A1994NP10300011",47,"J","1994","ECOLOGICAL SOC AMER",1994
"115",115,115,"MURRAY, KG",1,"Could not be extracted",NA,NA,NA,NA,NA,NA,NA,NA,NA,"WOS:A1994NP10300011",47,"J","1994","ECOLOGICAL SOC AMER",1994
"116",116,116,"PICONE, CM",3,"Could not be extracted",NA,NA,NA,NA,NA,NA,NA,NA,NA,"WOS:A1994NP10300011",47,"J","1994","ECOLOGICAL SOC AMER",1994
"117",117,117,"RUSSELL, S",2,"Could not be extracted",NA,NA,NA,NA,NA,NA,NA,NA,NA,"WOS:A1994NP10300011",47,"J","1994","ECOLOGICAL SOC AMER",1994
"118",118,118,"SHERWOOD, W",5,"Could not be extracted",NA,NA,NA,NA,NA,NA,NA,NA,NA,"WOS:A1994NP10300011",47,"J","1994","ECOLOGICAL SOC AMER",1994
"119",119,119,"WINNETTMURRAY, K",4,"Could not be extracted",NA,NA,NA,NA,NA,NA,NA,NA,NA,"WOS:A1994NP10300011",47,"J","1994","ECOLOGICAL SOC AMER",1994
"120",120,120,"ANDERSON, CR",3,"Could not be extracted",NA,NA,NA,NA,NA,NA,NA,NA,NA,"WOS:A1994MP60200017",48,"J","1994","ECOLOGICAL SOC AMER",1994
"121",121,121,"COWAN, CA",2,"Could not be extracted",NA,NA,NA,NA,NA,NA,NA,NA,NA,"WOS:A1994MP60200017",48,"J","1994","ECOLOGICAL SOC AMER",1994
"122",122,122,"PECKARSKY, BL",1,"ROCKY MT BIOL LABS,CRESTED BUTTE,CO 81224.","rocky mt biol labs",NA,"81224","co",NA,"usa",NA,NA,NA,"WOS:A1994MP60200017",48,"J","1994","ECOLOGICAL SOC AMER",1994
"123",123,123,"FISHER, FM",5,"Could not be extracted",NA,NA,NA,NA,NA,NA,NA,NA,NA,"WOS:A1994PW55400015",49,"J","1994","ECOLOGICAL SOC AMER",1994
"124",124,124,"MARTIN, CW",8,"Could not be extracted",NA,NA,NA,NA,NA,NA,NA,NA,NA,"WOS:A1994PW55400015",49,"J","1994","ECOLOGICAL SOC AMER",1994
"125",125,125,"MILCHUNAS, D",7,"Could not be extracted",NA,NA,NA,NA,NA,NA,NA,NA,NA,"WOS:A1994PW55400015",49,"J","1994","ECOLOGICAL SOC AMER",1994
"126",126,126,"PARMENTER, RR",3,"Could not be extracted",NA,NA,NA,NA,NA,NA,NA,NA,NA,"WOS:A1994PW55400015",49,"J","1994","ECOLOGICAL SOC AMER",1994
"127",127,127,"RICE, CW",4,"Could not be extracted",NA,NA,NA,NA,NA,NA,NA,NA,NA,"WOS:A1994PW55400015",49,"J","1994","ECOLOGICAL SOC AMER",1994
"128",128,219,"TILMAN, D",2,"Could not be extracted",NA,NA,NA,NA,NA,NA,NA,NA,NA,"WOS:A1994PW55400015",49,"J","1994","ECOLOGICAL SOC AMER",1994
"129",129,129,"VOSE, J",6,"Could not be extracted",NA,NA,NA,NA,NA,NA,NA,NA,NA,"WOS:A1994PW55400015",49,"J","1994","ECOLOGICAL SOC AMER",1994
"130",130,130,"ZAK, DR",1,"UNIV MINNESOTA,DEPT ECOL EVOLUT & BEHAV,ST PAUL,MN 55108.","univ minnesota",NA,"55108","mn",NA,"usa",NA,NA,NA,"WOS:A1994PW55400015",49,"J","1994","ECOLOGICAL SOC AMER",1994
"131",131,131,"FAGAN, WF",1,"UNIV DELAWARE, SCH LIFE SCI, PROGRAM ECOL & EVOLUT, NEWARK, DE 19716 USA.","univ delaware","program ecol & evolut","19716","newark","de","usa",NA,NA,NA,"WOS:A1994PK12900017",50,"J","1994","ECOLOGICAL SOC AMER",1994
"132",132,132,"HURD, LE",2,"Could not be extracted",NA,NA,NA,NA,NA,NA,NA,NA,NA,"WOS:A1994PK12900017",50,"J","1994","ECOLOGICAL SOC AMER",1994
"133",133,133,"BILLICK, I",1,"Could not be extracted",NA,NA,NA,NA,NA,NA,NA,NA,NA,"WOS:A1994PE26700002",51,"J","1994","ECOLOGICAL SOC AMER",1994
"134",134,322,"CASE, TJ",2,"Could not be extracted",NA,NA,NA,NA,NA,NA,NA,NA,NA,"WOS:A1994PE26700002",51,"J","1994","ECOLOGICAL SOC AMER",1994
"135",135,135,"BENGTSSON, J",1,"Could not be extracted",NA,NA,NA,NA,NA,NA,NA,NA,NA,"WOS:A1994NV66200008",52,"J","1994","ECOLOGICAL SOC AMER",1994
"136",136,136,"BERGMAN, E",1,"Could not be extracted",NA,NA,NA,NA,NA,NA,NA,NA,NA,"WOS:A1994NV66200004",53,"J","1994","ECOLOGICAL SOC AMER",1994
"137",137,137,"GREENBERG, LA",2,"Could not be extracted",NA,NA,NA,NA,NA,NA,NA,NA,NA,"WOS:A1994NV66200004",53,"J","1994","ECOLOGICAL SOC AMER",1994
"138",138,138,"JOHNSTON, CA",3,"Could not be extracted",NA,NA,NA,NA,NA,NA,NA,NA,NA,"WOS:A1994NP10300004",54,"J","1994","ECOLOGICAL SOC AMER",1994
"139",139,139,"NAIMAN, RJ",1,"CNRS,CTR ECOL RESSOURCES RENOUVELABLES,F-31055 TOULOUSE,FRANCE.","cnrs","ctr ecol ressources renouvelables","31055"," toulouse",NA,"france",NA,NA,NA,"WOS:A1994NP10300004",54,"J","1994","ECOLOGICAL SOC AMER",1994
"140",140,140,"PASTOR, J",4,"Could not be extracted",NA,NA,NA,NA,NA,NA,NA,NA,NA,"WOS:A1994NP10300004",54,"J","1994","ECOLOGICAL SOC AMER",1994
"141",141,141,"PINAY, G",2,"Could not be extracted",NA,NA,NA,NA,NA,NA,NA,NA,NA,"WOS:A1994NP10300004",54,"J","1994","ECOLOGICAL SOC AMER",1994
"142",142,142,"LOCHMILLER, RL",1,"Could not be extracted",NA,NA,NA,NA,NA,NA,NA,NA,NA,"WOS:A1994MP60200022",55,"J","1994","WILEY",1994
"143",143,143,"MCMURRY, ST",3,"Could not be extracted",NA,NA,NA,NA,NA,NA,NA,NA,NA,"WOS:A1994MP60200022",55,"J","1994","WILEY",1994
"144",144,144,"VESTEY, MR",2,"Could not be extracted",NA,NA,NA,NA,NA,NA,NA,NA,NA,"WOS:A1994MP60200022",55,"J","1994","WILEY",1994
"145",145,145,"CARROLL, AL",1,"UNIV NEW BRUNSWICK,DEPT FOREST RESOURCES,POPULAT ECOL GRP,FREDERICTON E3B 6C2,NB,CANADA.","univ new brunswick","dept forest resources"," e3b 6c2","fredericton","nb","canada",NA,NA,NA,"WOS:A1994PK12900012",56,"J","1994","ECOLOGICAL SOC AMER",1994
"146",146,146,"QUIRING, DT",2,"Could not be extracted",NA,NA,NA,NA,NA,NA,NA,NA,NA,"WOS:A1994PK12900012",56,"J","1994","ECOLOGICAL SOC AMER",1994
"147",147,147,"HARVEY, IF",2,"Could not be extracted",NA,NA,NA,NA,NA,NA,NA,NA,NA,"WOS:A1994NV66200020",57,"J","1994","ECOLOGICAL SOC AMER",1994
"148",148,148,"HARVEY, JA",1,"Could not be extracted",NA,NA,NA,NA,NA,NA,NA,NA,NA,"WOS:A1994NV66200020",57,"J","1994","ECOLOGICAL SOC AMER",1994
"149",149,149,"THOMPSON, DJ",3,"Could not be extracted",NA,NA,NA,NA,NA,NA,NA,NA,NA,"WOS:A1994NV66200020",57,"J","1994","ECOLOGICAL SOC AMER",1994
"150",150,150,"RUESS, RW",1,"UNIV MARYLAND,CTR ENVIRONM & ESTUARINE STUDIES,APPALACHIAN ENVIRONM LAB,FROSTBURG,MD 21532.","univ maryland",NA,"21532","md",NA,"usa",NA,NA,NA,"WOS:A1994NP10300003",58,"J","1994","ECOLOGICAL SOC AMER",1994
"151",151,151,"SEAGLE, SW",2,"Could not be extracted",NA,NA,NA,NA,NA,NA,NA,NA,NA,"WOS:A1994NP10300003",58,"J","1994","ECOLOGICAL SOC AMER",1994
"152",152,152,"EWENS, WJ",2,"Could not be extracted",NA,NA,NA,NA,NA,NA,NA,NA,NA,"WOS:A1994NP10300023",59,"J","1994","ECOLOGICAL SOC AMER",1994
"153",153,153,"MULLEN, MA",3,"Could not be extracted",NA,NA,NA,NA,NA,NA,NA,NA,NA,"WOS:A1994NP10300023",59,"J","1994","ECOLOGICAL SOC AMER",1994
"154",154,154,"WILEYTO, EP",1,"UNIV PENN, DEPT BIOL, LEIDY LAB, PHILADELPHIA, PA 19104 USA.","univ penn","leidy lab","19104","philadelphia","pa","usa",NA,NA,NA,"WOS:A1994NP10300023",59,"J","1994","ECOLOGICAL SOC AMER",1994
"155",155,155,"AIZEN, MA",1,"UNIV MASSACHUSETTS, DEPT FORESTRY & WILDLIFE MANAGEMENT, AMHERST, MA 01003 USA.","univ massachusetts","dept forestry & wildlife management","01003","amherst","ma","usa",NA,NA,NA,"WOS:A1994MZ45400006",60,"J","1994","WILEY",1994
"156",156,156,"FEINSINGER, P",2,"Could not be extracted",NA,NA,NA,NA,NA,NA,NA,NA,NA,"WOS:A1994MZ45400006",60,"J","1994","WILEY",1994
"157",157,157,"MESSIER, F",1,"Could not be extracted",NA,NA,NA,NA,NA,NA,NA,NA,NA,"WOS:A1994MZ45400019",61,"J","1994","ECOLOGICAL SOC AMER",1994
"158",158,158,"CARMEN, WJ",3,"Could not be extracted",NA,NA,NA,NA,NA,NA,NA,NA,NA,"WOS:A1994MP60200011",62,"J","1994","ECOLOGICAL SOC AMER",1994
"159",159,159,"KOENIG, WD",1,"ALLEGHENY COLL,DEPT BIOL,MEADVILLE,PA 16335.","allegheny coll",NA,"16335","pa",NA,"usa",NA,NA,NA,"WOS:A1994MP60200011",62,"J","1994","ECOLOGICAL SOC AMER",1994
"160",160,160,"MUMME, RL",2,"Could not be extracted",NA,NA,NA,NA,NA,NA,NA,NA,NA,"WOS:A1994MP60200011",62,"J","1994","ECOLOGICAL SOC AMER",1994
"161",161,161,"STANBACK, MT",4,"Could not be extracted",NA,NA,NA,NA,NA,NA,NA,NA,NA,"WOS:A1994MP60200011",62,"J","1994","ECOLOGICAL SOC AMER",1994
"162",162,162,"BRISSON, J",1,"SAN DIEGO STATE UNIV,DEPT BIOL,SAN DIEGO,CA 92182.","san diego state univ",NA,"92182","ca",NA,"usa",NA,NA,NA,"WOS:A1994PE26700017",63,"J","1994","ECOLOGICAL SOC AMER",1994
"163",163,260,"REYNOLDS, JF",2,"Could not be extracted",NA,NA,NA,NA,NA,NA,NA,NA,NA,"WOS:A1994PE26700017",63,"J","1994","ECOLOGICAL SOC AMER",1994
"164",164,164,"HART, SC",1,"ALBERTA ENVIRONM,LETHBRIDGE T1J 4C7,AB,CANADA.","alberta environm",NA," t1j 4c7","lethbridge","ab","canada",NA,NA,NA,"WOS:A1994NP10300002",64,"J","1994","ECOLOGICAL SOC AMER",1994
"165",165,165,"MYROLD, DD",3,"Could not be extracted",NA,NA,NA,NA,NA,NA,NA,NA,NA,"WOS:A1994NP10300002",64,"J","1994","ECOLOGICAL SOC AMER",1994
"166",166,166,"NASON, GE",2,"Could not be extracted",NA,NA,NA,NA,NA,NA,NA,NA,NA,"WOS:A1994NP10300002",64,"J","1994","ECOLOGICAL SOC AMER",1994
"167",167,167,"PERRY, DA",4,"Could not be extracted",NA,NA,NA,NA,NA,NA,NA,NA,NA,"WOS:A1994NP10300002",64,"J","1994","ECOLOGICAL SOC AMER",1994
"168",168,191,"BALDWIN, IT",2,"Could not be extracted",NA,NA,NA,NA,NA,NA,NA,NA,NA,"WOS:A1994NP10300012",65,"J","1994","ECOLOGICAL SOC AMER",1994
"169",169,192,"OHNMEISS, TE",1,"SUNY BUFFALO, DEPT BIOL SCI, BUFFALO, NY 14260 USA.","suny buffalo","dept biol sci","14260","buffalo","ny","usa",NA,NA,NA,"WOS:A1994NP10300012",65,"J","1994","ECOLOGICAL SOC AMER",1994
"170",170,170,"RUSTAD, LE",1,"Could not be extracted",NA,NA,NA,NA,NA,NA,NA,NA,NA,"WOS:A1994NP10300001",66,"J","1994","ECOLOGICAL SOC AMER",1994
"171",171,171,"DEWALD, CL",2,"Could not be extracted",NA,NA,NA,NA,NA,NA,NA,NA,NA,"WOS:A1994NE02900005",67,"J","1994","ECOLOGICAL SOC AMER",1994
"172",172,172,"JACKSON, LL",1,"CORNELL UNIV,ECOL & SYSTEMAT LAB,ITHACA,NY 14853.","cornell univ",NA,"14853","ny",NA,"usa",NA,NA,NA,"WOS:A1994NE02900005",67,"J","1994","ECOLOGICAL SOC AMER",1994
"173",173,173,"ANKNEY, CD",2,"Could not be extracted",NA,NA,NA,NA,NA,NA,NA,NA,NA,"WOS:A1994MZ45400023",68,"J","1994","WILEY",1994
"174",174,174,"BAILEY, RC",3,"Could not be extracted",NA,NA,NA,NA,NA,NA,NA,NA,NA,"WOS:A1994MZ45400023",68,"J","1994","WILEY",1994
"175",175,175,"HAMILTON, DJ",1,"UNIV WESTERN ONTARIO, DEPT ZOOL, LONDON N6A 5B7, ON, CANADA.","univ western ontario","dept zool"," n6a 5b7","london","on","canada",NA,NA,NA,"WOS:A1994MZ45400023",68,"J","1994","WILEY",1994
"176",176,176,"HUISMAN, J",1,"UNIV GRONINGEN, DEPT GENET, 9750 AA HAREN, NETHERLANDS.","univ groningen",NA,NA,"dept genet"," aa haren","netherlands",NA,NA,NA,"WOS:A1994MZ45400022",69,"J","1994","WILEY",1994
"177",177,177,"WEISSING, FJ",2,"Could not be extracted",NA,NA,NA,NA,NA,NA,NA,NA,NA,"WOS:A1994MZ45400022",69,"J","1994","WILEY",1994
"178",178,178,"AERTS, R",1,"Could not be extracted",NA,NA,NA,NA,NA,NA,NA,NA,NA,"WOS:A1994PW55400017",70,"J","1994","WILEY",1994
"179",179,179,"DECALUWE, H",2,"Could not be extracted",NA,NA,NA,NA,NA,NA,NA,NA,NA,"WOS:A1994PW55400017",70,"J","1994","WILEY",1994
"180",180,180,"KURIS, AM",3,"Could not be extracted",NA,NA,NA,NA,NA,NA,NA,NA,NA,"WOS:A1994PW55400010",71,"J","1994","ECOLOGICAL SOC AMER",1994
"181",181,181,"LAFFERTY, KD",1,"Could not be extracted",NA,NA,NA,NA,NA,NA,NA,NA,NA,"WOS:A1994PW55400010",71,"J","1994","ECOLOGICAL SOC AMER",1994
"182",182,182,"SAMMOND, DT",2,"Could not be extracted",NA,NA,NA,NA,NA,NA,NA,NA,NA,"WOS:A1994PW55400010",71,"J","1994","ECOLOGICAL SOC AMER",1994
"183",183,183,"MARQUIS, RJ",1,"MORTON ARBORETUM,LISLE,IL 60532.","morton arboretum",NA,"60532","il",NA,"usa",NA,NA,NA,"WOS:A1994PK12900015",72,"J","1994","ECOLOGICAL SOC AMER",1994
"184",184,184,"WHELAN, CJ",2,"Could not be extracted",NA,NA,NA,NA,NA,NA,NA,NA,NA,"WOS:A1994PK12900015",72,"J","1994","ECOLOGICAL SOC AMER",1994
"185",185,185,"CIMPRICH, DA",1,"OHIO STATE UNIV,DEPT ZOOL,BEHAV ECOL RES GRP,COLUMBUS,OH 43210.","ohio state univ",NA,"43210","oh",NA,"usa",NA,NA,NA,"WOS:A1994PE26700010",73,"J","1994","ECOLOGICAL SOC AMER",1994
"186",186,186,"GRUBB, TC",2,"Could not be extracted",NA,NA,NA,NA,NA,NA,NA,NA,NA,"WOS:A1994PE26700010",73,"J","1994","ECOLOGICAL SOC AMER",1994
"187",187,187,"ERNEST, KA",1,"UNIV NEW MEXICO,DEPT BIOL,ALBUQUERQUE,NM 87131.","univ new mexico",NA,"87131","nm",NA,"usa",NA,NA,NA,"WOS:A1994PE26700016",74,"J","1994","ECOLOGICAL SOC AMER",1994
"188",188,188,"HUGHES, JJ",1,"DESERT ECOL RES UNIT NAMIBIA,GOBABEB,SWAKOPMUND,NAMIBIA.","desert ecol res unit namibia",NA,NA,"gobabeb","swakopmund","namibia",NA,NA,NA,"WOS:A1994NV66200018",75,"J","1994","ECOLOGICAL SOC AMER",1994
"189",189,189,"PERRIN, MR",3,"Could not be extracted",NA,NA,NA,NA,NA,NA,NA,NA,NA,"WOS:A1994NV66200018",75,"J","1994","ECOLOGICAL SOC AMER",1994
"190",190,285,"WARD, D",2,"Could not be extracted",NA,NA,NA,NA,NA,NA,NA,NA,NA,"WOS:A1994NV66200018",75,"J","1994","ECOLOGICAL SOC AMER",1994
"191",191,191,"BALDWIN, IT",1,"Could not be extracted",NA,NA,NA,NA,NA,NA,NA,NA,NA,"WOS:A1994NP10300013",76,"J","1994","ECOLOGICAL SOC AMER",1994
"192",192,192,"OHNMEISS, TE",2,"Could not be extracted",NA,NA,NA,NA,NA,NA,NA,NA,NA,"WOS:A1994NP10300013",76,"J","1994","ECOLOGICAL SOC AMER",1994
"193",193,427,"MANGEL, M",1,"UNIV CALIF DAVIS,CTR POPULAT BIOL,DAVIS,CA 95616.","univ calif davis",NA,"95616","ca",NA,"usa",NA,NA,NA,"WOS:A1994NE02900003",77,"J","1994","ECOLOGICAL SOC AMER",1994
"194",194,194,"TIER, C",2,"Could not be extracted",NA,NA,NA,NA,NA,NA,NA,NA,NA,"WOS:A1994NE02900003",77,"J","1994","ECOLOGICAL SOC AMER",1994
"195",195,195,"GRAY, RD",4,"Could not be extracted",NA,NA,NA,NA,NA,NA,NA,NA,NA,"WOS:A1994PW55400005",78,"J","1994","ECOLOGICAL SOC AMER",1994
"196",196,196,"KENNEDY, M",1,"UNIV AUCKLAND, DEPT PSYCHOL, AUCKLAND, NEW ZEALAND.","univ auckland",NA,NA,"dept psychol","auckland","new zealand",NA,NA,NA,"WOS:A1994PW55400005",78,"J","1994","ECOLOGICAL SOC AMER",1994
"197",197,197,"SHAVE, CR",2,"Could not be extracted",NA,NA,NA,NA,NA,NA,NA,NA,NA,"WOS:A1994PW55400005",78,"J","1994","ECOLOGICAL SOC AMER",1994
"198",198,198,"SPENCER, HG",3,"Could not be extracted",NA,NA,NA,NA,NA,NA,NA,NA,NA,"WOS:A1994PW55400005",78,"J","1994","ECOLOGICAL SOC AMER",1994
"199",199,199,"KIELLAND, K",1,"Could not be extracted",NA,NA,NA,NA,NA,NA,NA,NA,NA,"WOS:A1994PW55400018",79,"J","1994","WILEY",1994
"200",200,200,"MONTALVO, AM",1,"UNIV CALIF RIVERSIDE,DEPT BIOL,RIVERSIDE,CA 92521.","univ calif riverside",NA,"92521","ca",NA,"usa",NA,NA,NA,"WOS:A1994PW55400020",80,"J","1994","ECOLOGICAL SOC AMER",1994
"201",201,201,"CONNELL, JH",3,"Could not be extracted",NA,NA,NA,NA,NA,NA,NA,NA,NA,"WOS:A1994PW55400004",81,"J","1994","ECOLOGICAL SOC AMER",1994
"202",202,202,"HUGHES, TP",2,"Could not be extracted",NA,NA,NA,NA,NA,NA,NA,NA,NA,"WOS:A1994PW55400004",81,"J","1994","ECOLOGICAL SOC AMER",1994
"203",203,203,"TANNER, JE",1,"UNIV CALIF SANTA BARBARA, DEPT BIOL SCI, SANTA BARBARA, CA 93106 USA.","univ calif santa barbara","dept biol sci","93106","santa barbara","ca","usa",NA,NA,NA,"WOS:A1994PW55400004",81,"J","1994","ECOLOGICAL SOC AMER",1994
"204",204,204,"BUSH, MB",1,"SMITHSONIAN TROP RES INST, BALBOA, PANAMA.","smithsonian trop res inst","smithsonian trop res inst",NA,"balboa",NA,"panama",NA,NA,NA,"WOS:A1994PE26700023",82,"J","1994","WILEY",1994
"205",205,205,"COLINVAUX, PA",2,"Could not be extracted",NA,NA,NA,NA,NA,NA,NA,NA,NA,"WOS:A1994PE26700023",82,"J","1994","WILEY",1994
"206",206,357,"CARPENTER, SR",1,"Could not be extracted",NA,NA,NA,NA,NA,NA,NA,NA,NA,"WOS:A1994NV66200006",83,"J","1994","WILEY",1994
"207",207,358,"COTTINGHAM, KL",2,"Could not be extracted",NA,NA,NA,NA,NA,NA,NA,NA,NA,"WOS:A1994NV66200006",83,"J","1994","WILEY",1994
"208",208,208,"STOW, CA",3,"Could not be extracted",NA,NA,NA,NA,NA,NA,NA,NA,NA,"WOS:A1994NV66200006",83,"J","1994","WILEY",1994
"209",209,209,"OGDEN, J",3,"Could not be extracted",NA,NA,NA,NA,NA,NA,NA,NA,NA,"WOS:A1994NV66200023",84,"J","1994","ECOLOGICAL SOC AMER",1994
"210",210,210,"VEBLEN, TT",2,"Could not be extracted",NA,NA,NA,NA,NA,NA,NA,NA,NA,"WOS:A1994NV66200023",84,"J","1994","ECOLOGICAL SOC AMER",1994
"211",211,211,"VILLALBA, R",1,"UNIV AUCKLAND,DEPT BOT,AUCKLAND,NEW ZEALAND.","univ auckland",NA,NA,"dept bot","auckland","new zealand",NA,NA,NA,"WOS:A1994NV66200023",84,"J","1994","ECOLOGICAL SOC AMER",1994
"212",212,212,"FOX, MG",1,"Could not be extracted",NA,NA,NA,NA,NA,NA,NA,NA,NA,"WOS:A1994NP10300028",85,"J","1994","ECOLOGICAL SOC AMER",1994
"213",213,213,"CONDIT, R",1,"PRINCETON UNIV,DEPT ECOL & EVOLUT BIOL,PRINCETON,NJ 08544.","princeton univ",NA,"08544","nj",NA,"usa",NA,NA,NA,"WOS:A1994NE02900009",86,"J","1994","ECOLOGICAL SOC AMER",1994
"214",214,214,"FOSTER, RB",3,"Could not be extracted",NA,NA,NA,NA,NA,NA,NA,NA,NA,"WOS:A1994NE02900009",86,"J","1994","ECOLOGICAL SOC AMER",1994
"215",215,215,"HUBBELL, SP",2,"Could not be extracted",NA,NA,NA,NA,NA,NA,NA,NA,NA,"WOS:A1994NE02900009",86,"J","1994","ECOLOGICAL SOC AMER",1994
"216",216,216,"HANSKI, I",1,"Could not be extracted",NA,NA,NA,NA,NA,NA,NA,NA,NA,"WOS:A1994NE02900016",87,"J","1994","ECOLOGICAL SOC AMER",1994
"217",217,217,"KUUSSAARI, M",2,"Could not be extracted",NA,NA,NA,NA,NA,NA,NA,NA,NA,"WOS:A1994NE02900016",87,"J","1994","ECOLOGICAL SOC AMER",1994
"218",218,218,"NIEMINEN, M",3,"Could not be extracted",NA,NA,NA,NA,NA,NA,NA,NA,NA,"WOS:A1994NE02900016",87,"J","1994","ECOLOGICAL SOC AMER",1994
"219",219,219,"TILMAN, D",1,"Could not be extracted",NA,NA,NA,NA,NA,NA,NA,NA,NA,"WOS:A1994MP60200002",88,"J","1994","WILEY",1994
"220",220,220,"JOHNSON, CN",1,"UNIV TASMANIA,DEPT ZOOL,HOBART,TAS 7001,AUSTRALIA.","univ tasmania","dept zool",NA,"hobart","tas ","australia",NA,NA,NA,"WOS:A1994PK12900016",89,"J","1994","ECOLOGICAL SOC AMER",1994
"221",221,221,"KOMINAMI, Y",2,"Could not be extracted",NA,NA,NA,NA,NA,NA,NA,NA,NA,"WOS:A1994PK12900005",90,"J","1994","ECOLOGICAL SOC AMER",1994
"222",222,222,"MASAKI, T",1,"FORESTRY & FOREST PROD RES INST,MORIOKA,IWATE 02001,JAPAN.","forestry & forest prod res inst","forestry & forest prod res inst"," 02001","iwate",NA,"japan",NA,NA,NA,"WOS:A1994PK12900005",90,"J","1994","ECOLOGICAL SOC AMER",1994
"223",223,223,"NAKASHIZUKA, T",3,"Could not be extracted",NA,NA,NA,NA,NA,NA,NA,NA,NA,"WOS:A1994PK12900005",90,"J","1994","ECOLOGICAL SOC AMER",1994
"224",224,224,"NDIFON, GT",2,"Could not be extracted",NA,NA,NA,NA,NA,NA,NA,NA,NA,"WOS:A1994PK12900021",91,"J","1994","ECOLOGICAL SOC AMER",1994
"225",225,225,"READ, AF",3,"Could not be extracted",NA,NA,NA,NA,NA,NA,NA,NA,NA,"WOS:A1994PK12900021",91,"J","1994","ECOLOGICAL SOC AMER",1994
"226",226,226,"SCHRAG, SJ",1,"UNIV OXFORD,DEPT ZOOL,OXFORD OX1 3PS,ENGLAND.","univ oxford","dept zool","ox1 3ps","oxford ",NA,"england",NA,NA,NA,"WOS:A1994PK12900021",91,"J","1994","ECOLOGICAL SOC AMER",1994
"227",227,227,"SHANN, JR",2,"Could not be extracted",NA,NA,NA,NA,NA,NA,NA,NA,NA,"WOS:A1994PK12900010",92,"J","1994","ECOLOGICAL SOC AMER",1994
"228",228,228,"THIJS, H",1,"ASHLAND UNIV,DEPT CHEM,ASHLAND,OH 44805.","ashland univ",NA,"44805","oh",NA,"usa",NA,NA,NA,"WOS:A1994PK12900010",92,"J","1994","ECOLOGICAL SOC AMER",1994
"229",229,229,"WEIDENHAMER, JD",3,"Could not be extracted",NA,NA,NA,NA,NA,NA,NA,NA,NA,"WOS:A1994PK12900010",92,"J","1994","ECOLOGICAL SOC AMER",1994
"230",230,267,"VITOUSEK, PM",1,"Could not be extracted",NA,NA,NA,NA,NA,NA,NA,NA,NA,"WOS:A1994PK12900001",93,"J","1994","WILEY",1994
"231",231,191,"BALDWIN, IT",1,"Could not be extracted",NA,NA,NA,NA,NA,NA,NA,NA,NA,"WOS:A1994PE26700018",94,"J","1994","ECOLOGICAL SOC AMER",1994
"232",232,232,"KARB, MJ",2,"Could not be extracted",NA,NA,NA,NA,NA,NA,NA,NA,NA,"WOS:A1994PE26700018",94,"J","1994","ECOLOGICAL SOC AMER",1994
"233",233,192,"OHNMEISS, TE",3,"Could not be extracted",NA,NA,NA,NA,NA,NA,NA,NA,NA,"WOS:A1994PE26700018",94,"J","1994","ECOLOGICAL SOC AMER",1994
"234",234,234,"ASTROM, M",3,"Could not be extracted",NA,NA,NA,NA,NA,NA,NA,NA,NA,"WOS:A1994NV66200021",95,"J","1994","ECOLOGICAL SOC AMER",1994
"235",235,235,"NILSSON, P",2,"Could not be extracted",NA,NA,NA,NA,NA,NA,NA,NA,NA,"WOS:A1994NV66200021",95,"J","1994","ECOLOGICAL SOC AMER",1994
"236",236,417,"TUOMI, J",1,"Could not be extracted",NA,NA,NA,NA,NA,NA,NA,NA,NA,"WOS:A1994NV66200021",95,"J","1994","ECOLOGICAL SOC AMER",1994
"237",237,237,"OWENSMITH, N",1,"Could not be extracted",NA,NA,NA,NA,NA,NA,NA,NA,NA,"WOS:A1994NP10300018",96,"J","1994","WILEY",1994
"238",238,238,"ANDOW, DA",1,"NATL INST AGROENVIRONM SCI,DIV ENTOMOL,TSUKUBA,IBARAKI 305,JAPAN.","natl inst agroenvironm sci","natl inst agroenvironm sci",NA,"tsukuba","ibaraki ","japan",NA,NA,NA,"WOS:A1994MZ45400003",97,"J","1994","ECOLOGICAL SOC AMER",1994
"239",239,239,"IMURA, O",2,"Could not be extracted",NA,NA,NA,NA,NA,NA,NA,NA,NA,"WOS:A1994MZ45400003",97,"J","1994","ECOLOGICAL SOC AMER",1994
"240",240,240,"BERTNESS, MD",1,"Could not be extracted",NA,NA,NA,NA,NA,NA,NA,NA,NA,"WOS:A1994PW55400022",98,"J","1994","WILEY",1994
"241",241,241,"YEH, SM",2,"Could not be extracted",NA,NA,NA,NA,NA,NA,NA,NA,NA,"WOS:A1994PW55400022",98,"J","1994","WILEY",1994
"242",242,242,"FACELLI, JM",1,"RUTGERS STATE UNIV,DEPT BIOL SCI,POB 1059,PISCATAWAY,NJ 08855.","rutgers state univ",NA,"08855","nj",NA,"usa",NA,NA,NA,"WOS:A1994PE26700020",99,"J","1994","ECOLOGICAL SOC AMER",1994
"243",243,243,"NUTZMAN, JW",2,"Could not be extracted",NA,NA,NA,NA,NA,NA,NA,NA,NA,"WOS:A1994NV66200005",100,"J","1994","ECOLOGICAL SOC AMER",1994
"244",244,244,"RAHEL, FJ",1,"Could not be extracted",NA,NA,NA,NA,NA,NA,NA,NA,NA,"WOS:A1994NV66200005",100,"J","1994","ECOLOGICAL SOC AMER",1994
"245",245,245,"ABRAMS, PA",1,"UNIV STOCKHOLM,DEPT ZOOL,S-10691 STOCKHOLM,SWEDEN.","univ stockholm","dept zool","10691"," stockholm",NA,"sweden",NA,NA,NA,"WOS:A1994NP10300024",101,"J","1994","ECOLOGICAL SOC AMER",1994
"246",246,246,"ROTH, JD",2,"Could not be extracted",NA,NA,NA,NA,NA,NA,NA,NA,NA,"WOS:A1994NP10300024",101,"J","1994","ECOLOGICAL SOC AMER",1994
"247",247,247,"GREENE, DF",1,"UNIV CALGARY,DEPT BIOL SCI,DIV ECOL,CALGARY T2N 1N4,ALBERTA,CANADA.","univ calgary","dept biol sci"," t2n 1n4","calgary","alberta","canada",NA,NA,NA,"WOS:A1994NE02900006",102,"J","1994","ECOLOGICAL SOC AMER",1994
"248",248,248,"JOHNSON, EA",2,"Could not be extracted",NA,NA,NA,NA,NA,NA,NA,NA,NA,"WOS:A1994NE02900006",102,"J","1994","ECOLOGICAL SOC AMER",1994
"249",249,249,"BLACK, RA",1,"UNIV CALIF DAVIS,DEPT LAND AIR & WATER RESOURCES,DAVIS,CA 95616.","univ calif davis",NA,"95616","ca",NA,"usa",NA,NA,NA,"WOS:A1994MP60200012",103,"J","1994","ECOLOGICAL SOC AMER",1994
"250",250,250,"MANWARING, JH",3,"Could not be extracted",NA,NA,NA,NA,NA,NA,NA,NA,NA,"WOS:A1994MP60200012",103,"J","1994","ECOLOGICAL SOC AMER",1994
"251",251,251,"RICHARDS, JH",2,"Could not be extracted",NA,NA,NA,NA,NA,NA,NA,NA,NA,"WOS:A1994MP60200012",103,"J","1994","ECOLOGICAL SOC AMER",1994
"252",252,252,"BYERS, JN",3,"Could not be extracted",NA,NA,NA,NA,NA,NA,NA,NA,NA,"WOS:A1994MP60200015",104,"J","1994","ECOLOGICAL SOC AMER",1994
"253",253,253,"HOLLINGER, DY",1,"LANDCARE RES NEW ZEALAND LTD,CHRISTCHURCH,NEW ZEALAND.","landcare res new zealand ltd",NA,NA,"christchurch",NA,"new zealand",NA,NA,NA,"WOS:A1994MP60200015",104,"J","1994","ECOLOGICAL SOC AMER",1994
"254",254,254,"HUNT, JE",4,"Could not be extracted",NA,NA,NA,NA,NA,NA,NA,NA,NA,"WOS:A1994MP60200015",104,"J","1994","ECOLOGICAL SOC AMER",1994
"255",255,255,"KELLIHER, FM",2,"Could not be extracted",NA,NA,NA,NA,NA,NA,NA,NA,NA,"WOS:A1994MP60200015",104,"J","1994","ECOLOGICAL SOC AMER",1994
"256",256,256,"MCSEVENY, TM",5,"Could not be extracted",NA,NA,NA,NA,NA,NA,NA,NA,NA,"WOS:A1994MP60200015",104,"J","1994","ECOLOGICAL SOC AMER",1994
"257",257,257,"WEIR, PL",6,"Could not be extracted",NA,NA,NA,NA,NA,NA,NA,NA,NA,"WOS:A1994MP60200015",104,"J","1994","ECOLOGICAL SOC AMER",1994
"258",258,258,"LAMBIN, X",1,"UNIV BRITISH COLUMBIA,DEPT ZOOL,ECOL GRP,VANCOUVER V6T 1Z4,BC,CANADA.","univ british columbia","dept zool"," v6t 1z4","vancouver","bc","canada",NA,NA,NA,"WOS:A1994MP60200021",105,"J","1994","ECOLOGICAL SOC AMER",1994
"259",259,259,"LI, HB",1,"Could not be extracted",NA,NA,NA,NA,NA,NA,NA,NA,NA,"WOS:A1994PW55400025",106,"J","1994","ECOLOGICAL SOC AMER",1994
"260",260,260,"REYNOLDS, JF",2,"Could not be extracted",NA,NA,NA,NA,NA,NA,NA,NA,NA,"WOS:A1994PW55400025",106,"J","1994","ECOLOGICAL SOC AMER",1994
"261",261,261,"ODONOGHUE, M",1,"UNIV BRITISH COLUMBIA, DEPT ZOOL, ECOL GRP, VANCOUVER V6T 1W5, BC, CANADA.","univ british columbia","dept zool"," v6t 1w5","vancouver","bc","canada",NA,NA,NA,"WOS:A1994PE26700007",107,"J","1994","WILEY",1994
"262",262,262,"NEWMAN, RA",1,"VIRGINIA TECH,DEPT BIOL,BLACKSBURG,VA 24060.","virginia tech",NA,"24060","va",NA,"usa",NA,NA,NA,"WOS:A1994NP10300021",108,"J","1994","ECOLOGICAL SOC AMER",1994
"263",263,263,"FRANK, CL",1,"UNIV CALIF IRVINE, DEPT ECOL & EVOLUTIONARY BIOL, IRVINE, CA 92717 USA.","univ calif irvine","dept ecol & evolutionary biol","92717","irvine","ca","usa",NA,NA,NA,"WOS:A1994MZ45400017",109,"J","1994","WILEY",1994
"264",264,264,"PARTON, WJ",3,"Could not be extracted",NA,NA,NA,NA,NA,NA,NA,NA,NA,"WOS:A1994MZ45400013",110,"J","1994","ECOLOGICAL SOC AMER",1994
"265",265,265,"SANFORD, RL",4,"Could not be extracted",NA,NA,NA,NA,NA,NA,NA,NA,NA,"WOS:A1994MZ45400013",110,"J","1994","ECOLOGICAL SOC AMER",1994
"266",266,266,"TURNER, DR",2,"Could not be extracted",NA,NA,NA,NA,NA,NA,NA,NA,NA,"WOS:A1994MZ45400013",110,"J","1994","ECOLOGICAL SOC AMER",1994
"267",267,267,"VITOUSEK, PM",1,"COLORADO STATE UNIV,NAT RESOURCE ECOL LAB,FT COLLINS,CO 80523.","colorado state univ",NA,"80523","co",NA,"usa",NA,NA,NA,"WOS:A1994MZ45400013",110,"J","1994","ECOLOGICAL SOC AMER",1994
"268",268,268,"ALBANO, M",2,"Could not be extracted",NA,NA,NA,NA,NA,NA,NA,NA,NA,"WOS:A1994NP10300014",111,"J","1994","ECOLOGICAL SOC AMER",1994
"269",269,269,"FURBISH, CE",1,"UNIV MARYLAND EASTERN SHORE,PRINCESS ANNE,MD 21853.","univ maryland eastern shore",NA,"21853","md",NA,"usa",NA,NA,NA,"WOS:A1994NP10300014",111,"J","1994","ECOLOGICAL SOC AMER",1994
"270",270,270,"ABRAMS, MD",1,"Could not be extracted",NA,NA,NA,NA,NA,NA,NA,NA,NA,"WOS:A1994MP60200014",112,"J","1994","WILEY",1994
"271",271,271,"KUBISKE, ME",2,"Could not be extracted",NA,NA,NA,NA,NA,NA,NA,NA,NA,"WOS:A1994MP60200014",112,"J","1994","WILEY",1994
"272",272,272,"MOSTOLLER, SA",3,"Could not be extracted",NA,NA,NA,NA,NA,NA,NA,NA,NA,"WOS:A1994MP60200014",112,"J","1994","WILEY",1994
"273",273,273,"CHRISTY, JH",2,"Could not be extracted",NA,NA,NA,NA,NA,NA,NA,NA,NA,"WOS:A1994PW55400003",113,"J","1994","ECOLOGICAL SOC AMER",1994
"274",274,274,"MORGAN, SG",1,"SMITHSONIAN TROP RES INST,BALBOA,PANAMA.","smithsonian trop res inst","smithsonian trop res inst",NA,"balboa",NA,"panama",NA,NA,NA,"WOS:A1994PW55400003",113,"J","1994","ECOLOGICAL SOC AMER",1994
"275",275,275,"BROWN, JH",2,"Could not be extracted",NA,NA,NA,NA,NA,NA,NA,NA,NA,"WOS:A1994MZ45400015",114,"J","1994","ECOLOGICAL SOC AMER",1994
"276",276,276,"HESKE, EJ",1,"UNIV NEW MEXICO,DEPT BIOL,ALBUQUERQUE,NM 87131.","univ new mexico",NA,"87131","nm",NA,"usa",NA,NA,NA,"WOS:A1994MZ45400015",114,"J","1994","ECOLOGICAL SOC AMER",1994
"277",277,277,"MISTRY, S",3,"Could not be extracted",NA,NA,NA,NA,NA,NA,NA,NA,NA,"WOS:A1994MZ45400015",114,"J","1994","ECOLOGICAL SOC AMER",1994
"278",278,278,"CAMILL, P",4,"Could not be extracted",NA,NA,NA,NA,NA,NA,NA,NA,NA,"WOS:A1994MZ45400025",115,"J","1994","ECOLOGICAL SOC AMER",1994
"279",279,279,"FISHER, SG",2,"Could not be extracted",NA,NA,NA,NA,NA,NA,NA,NA,NA,"WOS:A1994MZ45400025",115,"J","1994","ECOLOGICAL SOC AMER",1994
"280",280,280,"GRIMM, NB",3,"Could not be extracted",NA,NA,NA,NA,NA,NA,NA,NA,NA,"WOS:A1994MZ45400025",115,"J","1994","ECOLOGICAL SOC AMER",1994
"281",281,281,"VALETT, HM",1,"ARIZONA STATE UNIV,DEPT ZOOL,TEMPE,AZ 85287.","arizona state univ",NA,"85287","az",NA,"usa",NA,NA,NA,"WOS:A1994MZ45400025",115,"J","1994","ECOLOGICAL SOC AMER",1994
"282",282,282,"HAWKINS, BA",2,"Could not be extracted",NA,NA,NA,NA,NA,NA,NA,NA,NA,"WOS:A1994MP60200009",116,"J","1994","ECOLOGICAL SOC AMER",1994
"283",283,283,"NAEEM, S",1,"Could not be extracted",NA,NA,NA,NA,NA,NA,NA,NA,NA,"WOS:A1994MP60200009",116,"J","1994","ECOLOGICAL SOC AMER",1994
"284",284,284,"SALTZ, D",2,"Could not be extracted",NA,NA,NA,NA,NA,NA,NA,"F-1581-2012",NA,"WOS:A1994MP60200006",117,"J","1994","WILEY",1994
"285",285,285,"WARD, D",1,"BEN GURION UNIV NEGEV, RAMON SCI CTR, JACOB BLAUSTEIN INST DESERT RES, IL-84990 SEDE BOQER, ISRAEL.","ben gurion univ negev","ramon sci ctr","84990"," sede boqer",NA,"israel",NA,NA,NA,"WOS:A1994MP60200006",117,"J","1994","WILEY",1994
"286",286,286,"ELLIS, CK",4,"Could not be extracted",NA,NA,NA,NA,NA,NA,NA,NA,NA,"WOS:A1994PW55400006",118,"J","1994","WILEY-BLACKWELL",1994
"287",287,287,"GUTIERREZ, AP",1,"Could not be extracted",NA,NA,NA,NA,NA,NA,NA,NA,NA,"WOS:A1994PW55400006",118,"J","1994","WILEY-BLACKWELL",1994
"288",288,288,"MILLS, NJ",2,"Could not be extracted",NA,NA,NA,NA,NA,NA,NA,NA,NA,"WOS:A1994PW55400006",118,"J","1994","WILEY-BLACKWELL",1994
"289",289,289,"SCHREIBER, SJ",3,"Could not be extracted",NA,NA,NA,NA,NA,NA,NA,NA,NA,"WOS:A1994PW55400006",118,"J","1994","WILEY-BLACKWELL",1994
"290",290,290,"DUSENBERRY, WE",4,"Could not be extracted",NA,NA,NA,NA,NA,NA,NA,NA,NA,"WOS:A1994PE26700024",119,"J","1994","ECOLOGICAL SOC AMER",1994
"291",291,291,"ENGEMAN, RM",1,"USDA,ANIM & PLANT HLTH INSPECT SERV,DENVER WILDLIFE RES CTR,HAWAII FIELD STN,HILO,HI 96721.","usda",NA,"96721","hi",NA,"usa",NA,NA,NA,"WOS:A1994PE26700024",119,"J","1994","ECOLOGICAL SOC AMER",1994
"292",292,292,"PANK, LF",3,"Could not be extracted",NA,NA,NA,NA,NA,NA,NA,NA,NA,"WOS:A1994PE26700024",119,"J","1994","ECOLOGICAL SOC AMER",1994
"293",293,293,"SUGIHARA, RT",2,"Could not be extracted",NA,NA,NA,NA,NA,NA,NA,NA,NA,"WOS:A1994PE26700024",119,"J","1994","ECOLOGICAL SOC AMER",1994
"294",294,294,"JOHNSON, HB",2,"Could not be extracted",NA,NA,NA,NA,NA,NA,NA,NA,NA,"WOS:A1994NP10300010",120,"J","1994","ECOLOGICAL SOC AMER",1994
"295",295,295,"MAYEUX, HS",3,"Could not be extracted",NA,NA,NA,NA,NA,NA,NA,NA,NA,"WOS:A1994NP10300010",120,"J","1994","ECOLOGICAL SOC AMER",1994
"296",296,296,"POLLEY, HW",1,"Could not be extracted",NA,NA,NA,NA,NA,NA,NA,NA,NA,"WOS:A1994NP10300010",120,"J","1994","ECOLOGICAL SOC AMER",1994
"297",297,297,"SCHMID, B",3,"Could not be extracted",NA,NA,NA,NA,NA,NA,NA,NA,NA,"WOS:A1994NE02900008",121,"J","1994","ECOLOGICAL SOC AMER",1994
"298",298,298,"STOLL, P",1,"UNIV BASEL,INST BOT,SCHONBEINSTR 6,CH-4056 BASEL,SWITZERLAND.","univ basel","inst bot","4056"," basel",NA,"switzerland",NA,NA,NA,"WOS:A1994NE02900008",121,"J","1994","ECOLOGICAL SOC AMER",1994
"299",299,299,"WEINER, J",2,"Could not be extracted",NA,NA,NA,NA,NA,NA,NA,NA,NA,"WOS:A1994NE02900008",121,"J","1994","ECOLOGICAL SOC AMER",1994
"300",300,300,"SCHOENER, TW",2,"Could not be extracted",NA,NA,NA,NA,NA,NA,NA,NA,NA,"WOS:A1994MP60200018",122,"J","1994","ECOLOGICAL SOC AMER",1994
"301",301,301,"SPILLER, DA",1,"Could not be extracted",NA,NA,NA,NA,NA,NA,NA,NA,NA,"WOS:A1994MP60200018",122,"J","1994","ECOLOGICAL SOC AMER",1994
"302",302,302,"CREED, RP",1,"MICHIGAN STATE UNIV,WK KELLOGG BIOL STN,HICKORY CORNERS,MI 49060.","michigan state univ",NA,"49060","mi",NA,"usa",NA,NA,NA,"WOS:A1994PK12900023",123,"J","1994","ECOLOGICAL SOC AMER",1994
"303",303,303,"LUCKENBACH, M",2,"Could not be extracted",NA,NA,NA,NA,NA,NA,NA,NA,NA,"WOS:A1994PK12900007",124,"J","1994","ECOLOGICAL SOC AMER",1994
"304",304,304,"MOORE, KA",3,"Could not be extracted",NA,NA,NA,NA,NA,NA,NA,NA,NA,"WOS:A1994PK12900007",124,"J","1994","ECOLOGICAL SOC AMER",1994
"305",305,305,"ORTH, RJ",1,"Could not be extracted",NA,NA,NA,NA,NA,NA,NA,NA,NA,"WOS:A1994PK12900007",124,"J","1994","ECOLOGICAL SOC AMER",1994
"306",306,306,"BORCHERT, R",1,"Could not be extracted",NA,NA,NA,NA,NA,NA,NA,NA,NA,"WOS:A1994NV66200022",125,"J","1994","ECOLOGICAL SOC AMER",1994
"307",307,307,"FORTIN, MJ",1,"SUNY STONY BROOK,DEPT ECOL & EVOLUT,STONY BROOK,NY 11794.","suny stony brook",NA,"11794","ny",NA,"usa",NA,NA,NA,"WOS:A1994NP10300008",126,"J","1994","ECOLOGICAL SOC AMER",1994
"308",308,308,"MAZUMDER, A",1,"STN BIOL LAURENTIDES,ST HIPPOLYTE,PQ,CANADA.","stn biol laurentides",NA,NA,"st hippolyte","pq","canada",NA,NA,NA,"WOS:A1994NP10300026",127,"J","1994","ECOLOGICAL SOC AMER",1994
"309",309,309,"BOTTRELL, DG",2,"Could not be extracted",NA,NA,NA,NA,NA,NA,NA,NA,NA,"WOS:A1994NE02900014",128,"J","1994","ECOLOGICAL SOC AMER",1994
"310",310,310,"COLL, M",1,"UNIV MARYLAND,DEPT ENTOMOL,COLL PK,MD 20742.","univ maryland",NA,"20742","md",NA,"usa",NA,NA,NA,"WOS:A1994NE02900014",128,"J","1994","ECOLOGICAL SOC AMER",1994
"311",311,311,"ARMBRUSTER, WS",1,"UNIV ALASKA,DEPT BIOL & WILDLIFE,FAIRBANKS,AK 99775.","univ alaska",NA,"99775","ak",NA,"usa",NA,NA,NA,"WOS:A1994MZ45400005",129,"J","1994","ECOLOGICAL SOC AMER",1994
"312",312,312,"DEBEVEC, EM",3,"Could not be extracted",NA,NA,NA,NA,NA,NA,NA,NA,NA,"WOS:A1994MZ45400005",129,"J","1994","ECOLOGICAL SOC AMER",1994
"313",313,313,"EDWARDS, ME",2,"Could not be extracted",NA,NA,NA,NA,NA,NA,NA,NA,NA,"WOS:A1994MZ45400005",129,"J","1994","ECOLOGICAL SOC AMER",1994
"314",314,314,"BOST, CA",2,"Could not be extracted",NA,NA,NA,NA,NA,NA,NA,NA,NA,"WOS:A1994MZ45400020",130,"J","1994","ECOLOGICAL SOC AMER",1994
"315",315,315,"PUTZ, K",1,"CNRS,CTR ECOL & PHYSIOL ENERGET,F-67087 STRASBOURG,FRANCE.","cnrs","ctr ecol & physiol energet","67087"," strasbourg",NA,"france",NA,NA,NA,"WOS:A1994MZ45400020",130,"J","1994","ECOLOGICAL SOC AMER",1994
"316",316,316,"CROW, TR",2,"Could not be extracted",NA,NA,NA,NA,NA,NA,NA,NA,NA,"WOS:A1994MZ45400009",131,"J","1994","ECOLOGICAL SOC AMER",1994
"317",317,317,"TYRRELL, LE",1,"UNIV WISCONSIN,DEPT BOT,MADISON,WI 53706.","univ wisconsin",NA,"53706","wi",NA,"usa",NA,NA,NA,"WOS:A1994MZ45400009",131,"J","1994","ECOLOGICAL SOC AMER",1994
"318",318,318,"HORVITZ, CC",1,"UNIV WASHINGTON,DEPT BOT,SEATTLE,WA 98195.","univ washington",NA,"98195","wa",NA,"usa",NA,NA,NA,"WOS:A1994PK12900009",132,"J","1994","ECOLOGICAL SOC AMER",1994
"319",319,457,"SCHEMSKE, DW",2,"Could not be extracted",NA,NA,NA,NA,NA,NA,NA,NA,NA,"WOS:A1994PK12900009",132,"J","1994","ECOLOGICAL SOC AMER",1994
"320",320,435,"CALLAWAY, RM",1,"Could not be extracted",NA,NA,NA,NA,NA,NA,NA,NA,NA,"WOS:A1994NE02900010",133,"J","1994","ECOLOGICAL SOC AMER",1994
"321",321,321,"BOLGER, DT",2,"Could not be extracted",NA,NA,NA,NA,NA,NA,NA,NA,NA,"WOS:A1994MZ45400018",134,"J","1994","WILEY",1994
"322",322,322,"CASE, TJ",1,"Could not be extracted",NA,NA,NA,NA,NA,NA,NA,NA,NA,"WOS:A1994MZ45400018",134,"J","1994","WILEY",1994
"323",323,323,"PETREN, K",3,"Could not be extracted",NA,NA,NA,NA,NA,NA,NA,NA,NA,"WOS:A1994MZ45400018",134,"J","1994","WILEY",1994
"324",324,324,"CRAWLEY, M",5,"Could not be extracted",NA,NA,NA,NA,NA,NA,NA,NA,NA,"WOS:A1994PW55400023",135,"J","1994","ECOLOGICAL SOC AMER",1994
"325",325,325,"DODD, ME",2,"Could not be extracted",NA,NA,NA,NA,NA,NA,NA,NA,NA,"WOS:A1994PW55400023",135,"J","1994","ECOLOGICAL SOC AMER",1994
"326",326,326,"MCCONWAY, K",3,"Could not be extracted",NA,NA,NA,NA,NA,NA,NA,NA,NA,"WOS:A1994PW55400023",135,"J","1994","ECOLOGICAL SOC AMER",1994
"327",327,327,"POTTS, J",4,"Could not be extracted",NA,NA,NA,NA,NA,NA,NA,NA,NA,"WOS:A1994PW55400023",135,"J","1994","ECOLOGICAL SOC AMER",1994
"328",328,328,"SILVERTOWN, J",1,"OPEN UNIV,DEPT STAT,MILTON KEYNES MK7 6AA,BUCKS,ENGLAND.","open univ","dept stat","mk7 6aa","milton keynes ","bucks","england",NA,NA,NA,"WOS:A1994PW55400023",135,"J","1994","ECOLOGICAL SOC AMER",1994
"329",329,329,"CHAUVET, E",2,"Could not be extracted",NA,NA,NA,NA,NA,NA,NA,NA,NA,"WOS:A1994PE26700027",136,"J","1994","WILEY",1994
"330",330,330,"GESSNER, MO",1,"CNRS, CTR ECOL RESSOURCES RENOUVELABLES, F-31055 TOULOUSE, FRANCE.","cnrs","ctr ecol ressources renouvelables","31055"," toulouse",NA,"france",NA,NA,NA,"WOS:A1994PE26700027",136,"J","1994","WILEY",1994
"331",331,331,"GOMEZ, JM",1,"Could not be extracted",NA,NA,NA,NA,NA,NA,NA,NA,NA,"WOS:A1994NP10300015",137,"J","1994","ECOLOGICAL SOC AMER",1994
"332",332,332,"ZAMORA, R",2,"Could not be extracted",NA,NA,NA,NA,NA,NA,NA,NA,NA,"WOS:A1994NP10300015",137,"J","1994","ECOLOGICAL SOC AMER",1994
"333",333,333,"ROY, BA",1,"ROCKY MT BIOL LABS,CRESTED BUTTE,CO 81224.","rocky mt biol labs",NA,"81224","co",NA,"usa",NA,NA,NA,"WOS:A1994MZ45400007",138,"J","1994","ECOLOGICAL SOC AMER",1994
"334",334,334,"BOUTIN, S",2,"Could not be extracted",NA,NA,NA,NA,NA,NA,NA,NA,NA,"WOS:A1994MP60200020",139,"J","1994","ECOLOGICAL SOC AMER",1994
"335",335,335,"LARSEN, KW",1,"Could not be extracted",NA,NA,NA,NA,NA,NA,NA,NA,NA,"WOS:A1994MP60200020",139,"J","1994","ECOLOGICAL SOC AMER",1994
"336",336,336,"BERENBAUM, MR",1,"Could not be extracted",NA,NA,NA,NA,NA,NA,NA,NA,NA,"WOS:A1994PW55400013",140,"J","1994","ECOLOGICAL SOC AMER",1994
"337",337,337,"ZANGERL, AR",2,"Could not be extracted",NA,NA,NA,NA,NA,NA,NA,NA,NA,"WOS:A1994PW55400013",140,"J","1994","ECOLOGICAL SOC AMER",1994
"338",338,338,"GOATER, CP",1,"UNIV ZURICH,ZOOL MUSEUM,CH-8057 ZURICH,SWITZERLAND.","univ zurich","zool museum","8057"," zurich",NA,"switzerland",NA,NA,NA,"WOS:A1994PW55400009",141,"J","1994","ECOLOGICAL SOC AMER",1994
"339",339,339,"FENICAL, W",3,"Could not be extracted",NA,NA,NA,NA,NA,NA,NA,NA,NA,"WOS:A1994PE26700019",142,"J","1994","WILEY",1994
"340",340,340,"HAY, ME",1,"UNIV CALIF SAN DIEGO, SCRIPPS INST OCEANOG, LA JOLLA, CA 92093 USA.","univ calif san diego","scripps inst oceanog","92093","la jolla","ca","usa",NA,NA,NA,"WOS:A1994PE26700019",142,"J","1994","WILEY",1994
"341",341,341,"KAPPEL, QE",2,"Could not be extracted",NA,NA,NA,NA,NA,NA,NA,NA,NA,"WOS:A1994PE26700019",142,"J","1994","WILEY",1994
"342",342,342,"MCPEEK, MA",2,"Could not be extracted",NA,NA,NA,NA,NA,NA,NA,NA,NA,"WOS:A1994NV66200016",143,"J","1994","ECOLOGICAL SOC AMER",1994
"343",343,429,"WERNER, EE",1,"DARTMOUTH COLL,DEPT BIOL SCI,HANOVER,NH 03755.","dartmouth coll",NA,"03755","nh",NA,"usa",NA,NA,NA,"WOS:A1994NV66200016",143,"J","1994","ECOLOGICAL SOC AMER",1994
"344",344,344,"DEMMENT, MW",4,"Could not be extracted",NA,NA,NA,NA,NA,NA,NA,NA,NA,"WOS:A1994NE02900012",144,"J","1994","WILEY",1994
"345",345,345,"DISTEL, RA",2,"Could not be extracted",NA,NA,NA,NA,NA,NA,NA,NA,NA,"WOS:A1994NE02900012",144,"J","1994","WILEY",1994
"346",346,346,"GRIGGS, TC",3,"Could not be extracted",NA,NA,NA,NA,NA,NA,NA,NA,NA,"WOS:A1994NE02900012",144,"J","1994","WILEY",1994
"347",347,347,"LACA, EA",1,"UNIV CALIF DAVIS, DEPT AGRON & RANGE SCI, DAVIS, CA 95616 USA.","univ calif davis","dept agron & range sci","95616","davis","ca","usa",NA,NA,NA,"WOS:A1994NE02900012",144,"J","1994","WILEY",1994
"348",348,348,"HOLOPAINEN, IJ",2,"Could not be extracted",NA,NA,NA,NA,NA,NA,NA,NA,NA,"WOS:A1994NE02900022",145,"J","1994","WILEY",1994
"349",349,349,"PASZKOWSKI, CA",3,"Could not be extracted",NA,NA,NA,NA,NA,NA,NA,NA,NA,"WOS:A1994NE02900022",145,"J","1994","WILEY",1994
"350",350,350,"TONN, WM",1,"UNIV JOENSUU, DEPT BIOL, SF-80101 JOENSUU 10, FINLAND.","univ joensuu","dept biol","80101"," joensuu ",NA,"finland",NA,NA,NA,"WOS:A1994NE02900022",145,"J","1994","WILEY",1994
"351",351,351,"GARVEY, JE",1,"Could not be extracted",NA,NA,NA,NA,NA,NA,NA,NA,NA,"WOS:A1994MZ45400024",146,"J","1994","ECOLOGICAL SOC AMER",1994
"352",352,352,"STEIN, RA",2,"Could not be extracted",NA,NA,NA,NA,NA,NA,NA,NA,NA,"WOS:A1994MZ45400024",146,"J","1994","ECOLOGICAL SOC AMER",1994
"353",353,353,"THOMAS, HM",3,"Could not be extracted",NA,NA,NA,NA,NA,NA,NA,NA,NA,"WOS:A1994MZ45400024",146,"J","1994","ECOLOGICAL SOC AMER",1994
"354",354,354,"HUYNH, PT",2,"Could not be extracted",NA,NA,NA,NA,NA,NA,NA,NA,NA,"WOS:A1994MZ45400014",147,"J","1994","ECOLOGICAL SOC AMER",1994
"355",355,355,"MUELLER, LD",1,"Could not be extracted",NA,NA,NA,NA,NA,NA,NA,NA,NA,"WOS:A1994MZ45400014",147,"J","1994","ECOLOGICAL SOC AMER",1994
"356",356,356,"BECERRA, JX",1,"Could not be extracted",NA,NA,NA,NA,NA,NA,NA,NA,NA,"WOS:A1994PK12900013",148,"J","1994","ECOLOGICAL SOC AMER",1994
"357",357,357,"CARPENTER, SR",2,"Could not be extracted",NA,NA,NA,NA,NA,NA,NA,NA,NA,"WOS:A1994PK12900026",149,"J","1994","ECOLOGICAL SOC AMER",1994
"358",358,358,"COTTINGHAM, KL",1,"Could not be extracted",NA,NA,NA,NA,NA,NA,NA,NA,NA,"WOS:A1994PK12900026",149,"J","1994","ECOLOGICAL SOC AMER",1994
"359",359,436,"DELUCIA, EH",2,"Could not be extracted",NA,NA,NA,NA,NA,NA,NA,NA,NA,"WOS:A1994PK12900002",150,"J","1994","ECOLOGICAL SOC AMER",1994
"360",360,360,"HECKATHORN, SA",1,"UNIV ILLINOIS,DEPT PLANT BIOL,URBANA,IL 61801.","univ illinois",NA,"61801","il",NA,"usa",NA,NA,NA,"WOS:A1994PK12900002",150,"J","1994","ECOLOGICAL SOC AMER",1994
"361",361,426,"ADLER, FR",1,"UNIV CALIF DAVIS,CTR POPULAT BIOL,DAVIS,CA 95616.","univ calif davis",NA,"95616","ca",NA,"usa",NA,NA,NA,"WOS:A1994PE26700004",151,"J","1994","ECOLOGICAL SOC AMER",1994
"362",362,362,"MORRIS, WF",2,"Could not be extracted",NA,NA,NA,NA,NA,NA,NA,NA,NA,"WOS:A1994PE26700004",151,"J","1994","ECOLOGICAL SOC AMER",1994
"363",363,363,"BENKE, AC",1,"GEORGIA INST TECHNOL,GEORGIA TECH RES INST,ATLANTA,GA 30332.","georgia inst technol",NA,"30332","ga",NA,"usa",NA,NA,NA,"WOS:A1994NV66200003",152,"J","1994","ECOLOGICAL SOC AMER",1994
"364",364,364,"JACOBI, DI",2,"Could not be extracted",NA,NA,NA,NA,NA,NA,NA,NA,NA,"WOS:A1994NV66200003",152,"J","1994","ECOLOGICAL SOC AMER",1994
"365",365,365,"GULVE, PS",1,"UNIV UPPSALA,DEPT ZOOL,ANIM ECOL SECT,S-75122 UPPSALA,SWEDEN.","univ uppsala","dept zool","75122"," uppsala",NA,"sweden",NA,NA,NA,"WOS:A1994NV66200015",153,"J","1994","ECOLOGICAL SOC AMER",1994
"366",366,366,"BUCHMANN, SL",4,"Could not be extracted",NA,NA,NA,NA,NA,NA,NA,NA,NA,"WOS:A1994NV66200019",154,"J","1994","ECOLOGICAL SOC AMER",1994
"367",367,367,"MINCKLEY, RL",1,"UNIV KANSAS,SNOW ENTOMOL MUSEUM,SNOW HALL,LAWRENCE,KS 66045.","univ kansas",NA,"66045","ks",NA,"usa",NA,NA,NA,"WOS:A1994NV66200019",154,"J","1994","ECOLOGICAL SOC AMER",1994
"368",368,368,"WCISLO, WT",2,"Could not be extracted",NA,NA,NA,NA,NA,NA,NA,NA,NA,"WOS:A1994NV66200019",154,"J","1994","ECOLOGICAL SOC AMER",1994
"369",369,369,"YANEGA, D",3,"Could not be extracted",NA,NA,NA,NA,NA,NA,NA,NA,NA,"WOS:A1994NV66200019",154,"J","1994","ECOLOGICAL SOC AMER",1994
"370",370,370,"HAYASHI, H",3,"Could not be extracted",NA,NA,NA,NA,NA,NA,NA,NA,NA,"WOS:A1994NE02900023",155,"J","1994","ECOLOGICAL SOC AMER",1994
"371",371,371,"WADA, E",2,"Could not be extracted",NA,NA,NA,NA,NA,NA,NA,NA,NA,"WOS:A1994NE02900023",155,"J","1994","ECOLOGICAL SOC AMER",1994
"372",372,372,"YOSHIOKA, T",1,"NAGOYA UNIV,INST HYDROSPHER ATMOSPHER SCI,CHIKUSA KU,NAGOYA 46401,JAPAN.","nagoya univ","inst hydrospher atmospher sci"," 46401","nagoya",NA,"japan",NA,NA,NA,"WOS:A1994NE02900023",155,"J","1994","ECOLOGICAL SOC AMER",1994
"373",373,373,"OHSAKI, N",1,"KYOTO COLL MED TECHNOL,SANOBE,KYOTO 622,JAPAN.","kyoto coll med technol",NA,NA,"sanobe","kyoto ","japan",NA,NA,NA,"WOS:A1994MP60200007",156,"J","1994","ECOLOGICAL SOC AMER",1994
"374",374,374,"SATO, Y",2,"Could not be extracted",NA,NA,NA,NA,NA,NA,NA,NA,NA,"WOS:A1994MP60200007",156,"J","1994","ECOLOGICAL SOC AMER",1994
"375",375,375,"BRETT, MT",1,"JAGIELLONIAN UNIV,DEPT HYDROBIOL,PL-30063 KRAKOW,POLAND.","jagiellonian univ","dept hydrobiol","30063"," krakow",NA,"poland",NA,NA,NA,"WOS:A1994PW55400007",157,"J","1994","ECOLOGICAL SOC AMER",1994
"376",376,376,"ELSER, JJ",5,"Could not be extracted",NA,NA,NA,NA,NA,NA,NA,NA,NA,"WOS:A1994PW55400007",157,"J","1994","ECOLOGICAL SOC AMER",1994
"377",377,377,"GOLDMAN, CR",6,"Could not be extracted",NA,NA,NA,NA,NA,NA,NA,NA,NA,"WOS:A1994PW55400007",157,"J","1994","ECOLOGICAL SOC AMER",1994
"378",378,378,"LUBNOW, FS",3,"Could not be extracted",NA,NA,NA,NA,NA,NA,NA,NA,NA,"WOS:A1994PW55400007",157,"J","1994","ECOLOGICAL SOC AMER",1994
"379",379,379,"MUELLERSOLGER, A",4,"Could not be extracted",NA,NA,NA,NA,NA,NA,NA,NA,NA,"WOS:A1994PW55400007",157,"J","1994","ECOLOGICAL SOC AMER",1994
"380",380,380,"WIACKOWSKI, K",2,"Could not be extracted",NA,NA,NA,NA,NA,NA,NA,NA,NA,"WOS:A1994PW55400007",157,"J","1994","ECOLOGICAL SOC AMER",1994
"381",381,440,"BAZZAZ, FA",2,"Could not be extracted",NA,NA,NA,NA,NA,NA,NA,NA,NA,"WOS:A1994PW55400014",158,"J","1994","WILEY",1994
"382",382,382,"SIPE, TW",1,"HARVARD UNIV, DEPT ORGANISM & EVOLUTIONARY BIOL, BIOL LABS, CAMBRIDGE, MA 02138 USA.","harvard univ","biol labs","02138","cambridge","ma","usa",NA,NA,NA,"WOS:A1994PW55400014",158,"J","1994","WILEY",1994
"383",383,383,"ANDERSON, DR",1,"COLORADO STATE UNIV,DEPT FISHERY & WILDLIFE BIOL,FT COLLINS,CO 80523.","colorado state univ",NA,"80523","co",NA,"usa",NA,NA,NA,"WOS:A1994PE26700025",159,"J","1994","ECOLOGICAL SOC AMER",1994
"384",384,384,"BURNHAM, KP",2,"Could not be extracted",NA,NA,NA,NA,NA,NA,NA,NA,NA,"WOS:A1994PE26700025",159,"J","1994","ECOLOGICAL SOC AMER",1994
"385",385,385,"WHITE, GC",3,"Could not be extracted",NA,NA,NA,NA,NA,NA,NA,NA,NA,"WOS:A1994PE26700025",159,"J","1994","ECOLOGICAL SOC AMER",1994
"386",386,386,"BURD, M",1,"PRINCETON UNIV,DEPT ECOL & EVOLUT BIOL,PRINCETON,NJ 08544.","princeton univ",NA,"08544","nj",NA,"usa",NA,NA,NA,"WOS:A1994PE26700012",160,"J","1994","ECOLOGICAL SOC AMER",1994
"387",387,387,"BEISNER, BE",20,"Could not be extracted",NA,NA,NA,NA,NA,NA,NA,NA,NA,"WOS:A1994PE26700022",161,"J","1994","WILEY",1994
"388",388,388,"BELCHER, JW",3,"Could not be extracted",NA,NA,NA,NA,NA,NA,NA,NA,NA,"WOS:A1994PE26700022",161,"J","1994","WILEY",1994
"389",389,389,"GRACE, JB",8,"Could not be extracted",NA,NA,NA,NA,NA,NA,NA,NA,NA,"WOS:A1994PE26700022",161,"J","1994","WILEY",1994
"390",390,390,"GRIGULIS, K",19,"Could not be extracted",NA,NA,NA,NA,NA,NA,NA,NA,NA,"WOS:A1994PE26700022",161,"J","1994","WILEY",1994
"391",391,391,"GUREVITCH, J",18,"Could not be extracted",NA,NA,NA,NA,NA,NA,NA,NA,NA,"WOS:A1994PE26700022",161,"J","1994","WILEY",1994
"392",392,392,"JOHANSSON, ME",16,"Could not be extracted",NA,NA,NA,NA,NA,NA,NA,NA,NA,"WOS:A1994PE26700022",161,"J","1994","WILEY",1994
"393",393,393,"KEDDY, PA",5,"Could not be extracted",NA,NA,NA,NA,NA,NA,NA,NA,NA,"WOS:A1994PE26700022",161,"J","1994","WILEY",1994
"394",394,394,"KLEIN, E",12,"Could not be extracted",NA,NA,NA,NA,NA,NA,NA,NA,NA,"WOS:A1994PE26700022",161,"J","1994","WILEY",1994
"395",395,395,"LEUNG, Y",13,"Could not be extracted",NA,NA,NA,NA,NA,NA,NA,NA,NA,"WOS:A1994PE26700022",161,"J","1994","WILEY",1994
"396",396,396,"MCGRAW, JB",9,"Could not be extracted",NA,NA,NA,NA,NA,NA,NA,NA,NA,"WOS:A1994PE26700022",161,"J","1994","WILEY",1994
"397",397,397,"MORRIS, EC",7,"Could not be extracted",NA,NA,NA,NA,NA,NA,NA,NA,NA,"WOS:A1994PE26700022",161,"J","1994","WILEY",1994
"398",398,398,"NILSSON, C",17,"Could not be extracted",NA,NA,NA,NA,NA,NA,NA,NA,NA,"WOS:A1994PE26700022",161,"J","1994","WILEY",1994
"399",399,399,"OLFF, H",10,"Could not be extracted",NA,NA,NA,NA,NA,NA,NA,NA,NA,"WOS:A1994PE26700022",161,"J","1994","WILEY",1994
"400",400,400,"READER, RJ",1,"UNIV REGINA, DEPT BIOL, REGINA S4S 0A2, SK, CANADA.","univ regina","dept biol"," s4s 0a2","regina","sk","canada",NA,NA,NA,"WOS:A1994PE26700022",161,"J","1994","WILEY",1994
"401",401,401,"SHIPLEY, B",14,"Could not be extracted",NA,NA,NA,NA,NA,NA,NA,NA,NA,"WOS:A1994PE26700022",161,"J","1994","WILEY",1994
"402",402,219,"TILMAN, D",6,"Could not be extracted",NA,NA,NA,NA,NA,NA,NA,NA,NA,"WOS:A1994PE26700022",161,"J","1994","WILEY",1994
"403",403,403,"TURKINGTON, R",11,"Could not be extracted",NA,NA,NA,NA,NA,NA,NA,NA,NA,"WOS:A1994PE26700022",161,"J","1994","WILEY",1994
"404",404,404,"VANHULST, R",15,"Could not be extracted",NA,NA,NA,NA,NA,NA,NA,NA,NA,"WOS:A1994PE26700022",161,"J","1994","WILEY",1994
"405",405,405,"WILSON, SD",2,"Could not be extracted",NA,NA,NA,NA,NA,NA,NA,NA,NA,"WOS:A1994PE26700022",161,"J","1994","WILEY",1994
"406",406,406,"WISHEU, I",4,"Could not be extracted",NA,NA,NA,NA,NA,NA,NA,NA,NA,"WOS:A1994PE26700022",161,"J","1994","WILEY",1994
"407",407,407,"CARR, MH",1,"UNIV CALIF SANTA BARBARA, DEPT BIOL SCI, SANTA BARBARA, CA 93106 USA.","univ calif santa barbara","dept biol sci","93106","santa barbara","ca","usa",NA,NA,NA,"WOS:A1994NV66200012",162,"J","1994","WILEY",1994
"408",408,408,"CASWELL, H",1,"UNIV LOS ANDES,DEPT MATEMAT,MERIDA,VENEZUELA.","univ los andes",NA,NA,"dept matemat","merida","venezuela",NA,NA,NA,"WOS:A1994NV66200010",163,"J","1994","ECOLOGICAL SOC AMER",1994
"409",409,409,"TREVISAN, MC",2,"Could not be extracted",NA,NA,NA,NA,NA,NA,NA,NA,NA,"WOS:A1994NV66200010",163,"J","1994","ECOLOGICAL SOC AMER",1994
"410",410,410,"ALOI, JE",3,"Could not be extracted",NA,NA,NA,NA,NA,NA,NA,NA,NA,"WOS:A1994NV66200007",164,"J","1994","ECOLOGICAL SOC AMER",1994
"411",411,411,"COVICH, AP",4,"Could not be extracted",NA,NA,NA,NA,NA,NA,NA,NA,NA,"WOS:A1994NV66200007",164,"J","1994","ECOLOGICAL SOC AMER",1994
"412",412,412,"KERSHNER, MW",2,"Could not be extracted",NA,NA,NA,NA,NA,NA,NA,NA,NA,"WOS:A1994NV66200007",164,"J","1994","ECOLOGICAL SOC AMER",1994
"413",413,423,"LODGE, DM",1,"UNIV OKLAHOMA,DEPT ZOOL,NORMAN,OK 73019.","univ oklahoma",NA,"73019","ok",NA,"usa",NA,NA,NA,"WOS:A1994NV66200007",164,"J","1994","ECOLOGICAL SOC AMER",1994
"414",414,414,"SCOTT, DE",1,"Could not be extracted",NA,NA,NA,NA,NA,NA,NA,NA,NA,"WOS:A1994NV66200017",165,"J","1994","ECOLOGICAL SOC AMER",1994
"415",415,415,"LEHTILA, K",1,"LUND UNIV,DEPT ECOL,S-22362 LUND,SWEDEN.","lund univ","dept ecol","22362"," lund",NA,"sweden",NA,NA,NA,"WOS:A1994NP10300007",166,"J","1994","ECOLOGICAL SOC AMER",1994
"416",416,416,"SULKINOJA, M",3,"Could not be extracted",NA,NA,NA,NA,NA,NA,NA,NA,NA,"WOS:A1994NP10300007",166,"J","1994","ECOLOGICAL SOC AMER",1994
"417",417,417,"TUOMI, J",2,"Could not be extracted",NA,NA,NA,NA,NA,NA,NA,NA,NA,"WOS:A1994NP10300007",166,"J","1994","ECOLOGICAL SOC AMER",1994
"418",418,418,"BARKER, RJ",2,"Could not be extracted",NA,NA,NA,NA,NA,NA,NA,NA,NA,"WOS:A1994NP10300022",167,"J","1994","ECOLOGICAL SOC AMER",1994
"419",419,419,"DROEGE, S",4,"Could not be extracted",NA,NA,NA,NA,NA,NA,NA,NA,NA,"WOS:A1994NP10300022",167,"J","1994","ECOLOGICAL SOC AMER",1994
"420",420,420,"LINK, WA",1,"US FISH & WILDLIFE SERV,OFF MIGRATORY BIRD MANAGEMENT,LAUREL,MD 20708.","us fish & wildlife serv",NA,"20708","md",NA,"usa",NA,NA,NA,"WOS:A1994NP10300022",167,"J","1994","ECOLOGICAL SOC AMER",1994
"421",421,421,"SAUER, JR",3,"Could not be extracted",NA,NA,NA,NA,NA,NA,NA,NA,NA,"WOS:A1994NP10300022",167,"J","1994","ECOLOGICAL SOC AMER",1994
"422",422,422,"HILL, AM",1,"UNIV NOTRE DAME,DEPT BIOL SCI,NOTRE DAME,IN 46556.","univ notre dame",NA,"46556","in",NA,"usa",NA,NA,NA,"WOS:A1994PK12900025",168,"J","1994","ECOLOGICAL SOC AMER",1994
"423",423,423,"LODGE, DM",2,"Could not be extracted",NA,NA,NA,NA,NA,NA,NA,NA,NA,"WOS:A1994PK12900025",168,"J","1994","ECOLOGICAL SOC AMER",1994
"424",424,424,"VANVALKENBURGH, B",1,"Could not be extracted",NA,NA,NA,NA,NA,NA,NA,NA,NA,"WOS:A1994PE26700006",169,"J","1994","ECOLOGICAL SOC AMER",1994
"425",425,425,"WAYNE, RK",2,"Could not be extracted",NA,NA,NA,NA,NA,NA,NA,NA,NA,"WOS:A1994PE26700006",169,"J","1994","ECOLOGICAL SOC AMER",1994
"426",426,426,"ADLER, FR",2,"Could not be extracted",NA,NA,NA,NA,NA,NA,NA,NA,NA,"WOS:A1994NV66200009",170,"J","1994","ECOLOGICAL SOC AMER",1994
"427",427,427,"MANGEL, M",1,"UNIV CALIF DAVIS,CTR POPULAT BIOL,DAVIS,CA 95616.","univ calif davis",NA,"95616","ca",NA,"usa",NA,NA,NA,"WOS:A1994NV66200009",170,"J","1994","ECOLOGICAL SOC AMER",1994
"428",428,428,"SCHWARTZ, MW",1,"FLORIDA STATE UNIV,DEPT BIOL SCI,TALLAHASSEE,FL 32306.","florida state univ",NA,"32306","fl",NA,"usa",NA,NA,NA,"WOS:A1994NE02900011",171,"J","1994","ECOLOGICAL SOC AMER",1994
"429",429,429,"WERNER, EE",1,"Could not be extracted",NA,NA,NA,NA,NA,NA,NA,NA,NA,"WOS:A1994MP60200019",172,"J","1994","WILEY",1994
"430",430,430,"MALCOLM, JR",1,"UNIV FLORIDA,SCH FOREST RESOURCES & CONSERVAT,DEPT WILDLIFE & RANGE SCI,GAINESVILLE,FL 32611.","univ florida",NA,"32611","fl",NA,"usa",NA,NA,NA,"WOS:A1994PW55400024",173,"J","1994","ECOLOGICAL SOC AMER",1994
"431",431,431,"CAIN, ML",1,"Could not be extracted",NA,NA,NA,NA,NA,NA,NA,NA,NA,"WOS:A1994NP10300006",174,"J","1994","ECOLOGICAL SOC AMER",1994
"432",432,432,"HORNFELDT, B",1,"Could not be extracted",NA,NA,NA,NA,NA,NA,NA,NA,NA,"WOS:A1994NE02900019",175,"J","1994","ECOLOGICAL SOC AMER",1994
"433",433,433,"RITLAND, DB",1,"UNIV FLORIDA,DEPT ENTOMOL,GAINESVILLE,FL 32611.","univ florida",NA,"32611","fl",NA,"usa",NA,NA,NA,"WOS:A1994NE02900015",176,"J","1994","ECOLOGICAL SOC AMER",1994
"434",434,434,"LOWENBERG, GJ",1,"Could not be extracted",NA,NA,NA,NA,NA,NA,NA,NA,NA,"WOS:A1994MZ45400008",177,"J","1994","ECOLOGICAL SOC AMER",1994
"435",435,435,"CALLAWAY, RM",1,"UNIV ILLINOIS, URBANA, IL 61801 USA.","univ illinois",NA,"61801","urbana","il","usa",NA,NA,NA,"WOS:A1994NV66200025",178,"J","1994","WILEY",1994
"436",436,436,"DELUCIA, EH",2,"Could not be extracted",NA,NA,NA,NA,NA,NA,NA,NA,NA,"WOS:A1994NV66200025",178,"J","1994","WILEY",1994
"437",437,437,"SCHLESINGER, WH",3,"Could not be extracted",NA,NA,NA,NA,NA,NA,NA,NA,NA,"WOS:A1994NV66200025",178,"J","1994","WILEY",1994
"438",438,438,"BEDNEKOFF, PA",1,"UNIV OXFORD, DEPT ZOOL, NERC, BEHAV ECOL UNIT, OXFORD OX1 3PS, ENGLAND.","univ oxford","dept zool","ox1 3ps","oxford ",NA,"england",NA,NA,NA,"WOS:A1994NP10300025",179,"J","1994","WILEY",1994
"439",439,439,"HOUSTON, AI",2,"Could not be extracted",NA,NA,NA,NA,NA,NA,NA,NA,NA,"WOS:A1994NP10300025",179,"J","1994","WILEY",1994
"440",440,440,"BAZZAZ, FA",2,"Could not be extracted",NA,NA,NA,NA,NA,NA,NA,NA,NA,"WOS:A1994NP10300009",180,"J","1994","ECOLOGICAL SOC AMER",1994
"441",441,441,"MORSE, SR",1,"HARVARD UNIV,BIOL LABS,DEPT ORGANISM & EVOLUT BIOL,CAMBRIDGE,MA 02138.","harvard univ",NA,"02138","ma",NA,"usa",NA,NA,NA,"WOS:A1994NP10300009",180,"J","1994","ECOLOGICAL SOC AMER",1994
"442",442,442,"CRONIN, JT",2,"Could not be extracted",NA,NA,NA,NA,NA,NA,NA,NA,NA,"WOS:A1994MZ45400002",181,"J","1994","WILEY",1994
"443",443,443,"REEVE, JD",1,"Could not be extracted",NA,NA,NA,NA,NA,NA,NA,NA,NA,"WOS:A1994MZ45400002",181,"J","1994","WILEY",1994
"444",444,444,"STRONG, DR",3,"Could not be extracted",NA,NA,NA,NA,NA,NA,NA,NA,NA,"WOS:A1994MZ45400002",181,"J","1994","WILEY",1994
"445",445,445,"MOLOFSKY, J",1,"DUKE UNIV,DEPT BOT,DURHAM,NC 27706.","duke univ",NA,"27706","nc",NA,"usa",NA,NA,NA,"WOS:A1994MP60200004",182,"J","1994","ECOLOGICAL SOC AMER",1994
"446",446,446,"PARKINSON, D",2,"Could not be extracted",NA,NA,NA,NA,NA,NA,NA,NA,NA,"WOS:A1994PW55400016",183,"J","1994","ECOLOGICAL SOC AMER",1994
"447",447,447,"SCHEU, S",1,"UNIV CALGARY,DEPT BIOL,CALGARY T2N 1N4,AB,CANADA.","univ calgary","dept biol"," t2n 1n4","calgary","ab","canada",NA,NA,NA,"WOS:A1994PW55400016",183,"J","1994","ECOLOGICAL SOC AMER",1994
"448",448,448,"VANDERWALL, SB",1,"Could not be extracted",NA,NA,NA,NA,NA,NA,NA,NA,NA,"WOS:A1994PK12900006",184,"J","1994","ECOLOGICAL SOC AMER",1994
"449",449,449,"BRONMARK, C",1,"Could not be extracted",NA,NA,NA,NA,NA,NA,NA,NA,NA,"WOS:A1994PE26700028",185,"J","1994","ECOLOGICAL SOC AMER",1994
"450",450,450,"NAGY, KA",2,"Could not be extracted",NA,NA,NA,NA,NA,NA,NA,NA,NA,"WOS:A1994PE26700009",186,"J","1994","ECOLOGICAL SOC AMER",1994
"451",451,451,"SECOR, SM",1,"UNIV CALIF LOS ANGELES,DEPT BIOL,LOS ANGELES,CA 90024.","univ calif los angeles",NA,"90024","ca",NA,"usa",NA,NA,NA,"WOS:A1994PE26700009",186,"J","1994","ECOLOGICAL SOC AMER",1994
"452",452,452,"BISHOP, JG",6,"Could not be extracted",NA,NA,NA,NA,NA,NA,NA,NA,NA,"WOS:A1994NE02900002",187,"J","1994","WILEY",1994
"453",453,453,"GOODWILLIE, C",4,"Could not be extracted",NA,NA,NA,NA,NA,NA,NA,NA,NA,"WOS:A1994NE02900002",187,"J","1994","WILEY",1994
"454",454,454,"HUSBAND, BC",2,"Could not be extracted",NA,NA,NA,NA,NA,NA,NA,NA,NA,"WOS:A1994NE02900002",187,"J","1994","WILEY",1994
"455",455,455,"PARKER, IM",5,"Could not be extracted",NA,NA,NA,NA,NA,NA,NA,NA,NA,"WOS:A1994NE02900002",187,"J","1994","WILEY",1994
"456",456,456,"RUCKELSHAUS, MH",3,"Could not be extracted",NA,NA,NA,NA,NA,NA,NA,NA,NA,"WOS:A1994NE02900002",187,"J","1994","WILEY",1994
"457",457,457,"SCHEMSKE, DW",1,"Could not be extracted",NA,NA,NA,NA,NA,NA,NA,NA,NA,"WOS:A1994NE02900002",187,"J","1994","WILEY",1994
"458",458,458,"MYSTER, RW",1,"NEW YORK BOT GARDEN,MARY FLAGLER CARY ARBORETUM,INST ECOSYST STUDIES,MILLBROOK,NY 12545.","new york bot garden",NA,"12545","ny",NA,"usa",NA,NA,NA,"WOS:A1994MZ45400010",188,"J","1994","ECOLOGICAL SOC AMER",1994
"459",459,459,"PICKETT, STA",2,"Could not be extracted",NA,NA,NA,NA,NA,NA,NA,NA,NA,"WOS:A1994MZ45400010",188,"J","1994","ECOLOGICAL SOC AMER",1994
"460",460,460,"DUDT, JF",1,"Could not be extracted",NA,NA,NA,NA,NA,NA,NA,NA,NA,"WOS:A1994MP60200010",189,"J","1994","ECOLOGICAL SOC AMER",1994
"461",461,461,"SHURE, DJ",2,"Could not be extracted",NA,NA,NA,NA,NA,NA,NA,NA,NA,"WOS:A1994MP60200010",189,"J","1994","ECOLOGICAL SOC AMER",1994
"462",462,462,"COOK, J",2,"Could not be extracted",NA,NA,NA,NA,NA,NA,NA,NA,NA,"WOS:A1994MP60200005",190,"J","1994","ECOLOGICAL SOC AMER",1994
"463",463,463,"GOLDWASSER, L",1,"UNIV WASHINGTON,DEPT APPL MATH,SEATTLE,WA 98195.","univ washington",NA,"98195","wa",NA,"usa",NA,NA,NA,"WOS:A1994MP60200005",190,"J","1994","ECOLOGICAL SOC AMER",1994
"464",464,464,"SILVERMAN, ED",3,"Could not be extracted",NA,NA,NA,NA,NA,NA,NA,NA,NA,"WOS:A1994MP60200005",190,"J","1994","ECOLOGICAL SOC AMER",1994
"465",465,465,"WOOTTON, JT",1,"UNIV WASHINGTON,DEPT ZOOL NJ15,SEATTLE,WA 98195.","univ washington",NA,"98195","wa",NA,"usa",NA,NA,NA,"WOS:A1994MP60200016",191,"J","1994","ECOLOGICAL SOC AMER",1994
"466",466,466,"KOHORN, LU",1,"UNIV CALIF LOS ANGELES,DEPT BIOL,LOS ANGELES,CA 90024.","univ calif los angeles",NA,"90024","ca",NA,"usa",NA,NA,NA,"WOS:A1994PW55400019",192,"J","1994","ECOLOGICAL SOC AMER",1994
"467",467,467,"FORRESTER, GE",1,"UNIV NEW HAMPSHIRE,DEPT ZOOL,DURHAM,NH 03824.","univ new hampshire",NA,"03824","nh",NA,"usa",NA,NA,NA,"WOS:A1994NV66200002",193,"J","1994","ECOLOGICAL SOC AMER",1994
"468",468,468,"BENNINGTON, CC",1,"W VIRGINIA UNIV, DEPT STAT, MORGANTOWN, WV 26506 USA.","w virginia univ","dept stat","26506","morgantown","wv","usa",NA,NA,NA,"WOS:A1994NE02900013",194,"J","1994","WILEY",1994
"469",469,469,"THAYNE, WV",2,"Could not be extracted",NA,NA,NA,NA,NA,NA,NA,NA,NA,"WOS:A1994NE02900013",194,"J","1994","WILEY",1994
"470",470,470,"FLUECK, WT",1,"UNIV CALIF DAVIS,COMPARAT PATHOL GRAD GRP,DAVIS,CA 95616.","univ calif davis",NA,"95616","ca",NA,"usa",NA,NA,NA,"WOS:A1994NE02900020",195,"J","1994","ECOLOGICAL SOC AMER",1994
